Name,architecture,lr_scheduler,calibration_method,dropout_rate,val/acc,val/auc,val/cls_confmat_00,val/cls_confmat_01,val/cls_confmat_10,val/cls_confmat_11,val/dice,val/iou,val/multi,val/loss,val/auc
glamorous-sweep-8,densenet,warmcos,youden,,0.760213143872114,0.852054901552245,264,67,68,164,,,,0.751944967442089,0.852054901552245
zesty-sweep-1,densenet,cosine,youden,,0.754884547069272,0.850622460672987,256,75,63,169,,,,0.615986300839318,0.850622460672987
easy-sweep-21,densenet,warmcos,rate_match,,0.765541740674956,0.849411397020523,271,60,72,160,,,,0.76116547981898,0.849411397020523
robust-sweep-10,densenet,warmcos,f1,,0.763765541740675,0.848864465048443,267,64,69,163,,,,0.786559181080924,0.848864465048443
pleasant-sweep-14,densenet,plateau,rate_match,,0.781527531083481,0.84377278883217,270,61,62,170,,,,0.534002007709609,0.84377278883217
misunderstood-sweep-3,densenet,plateau,youden,,0.756660746003552,0.842991457443484,271,60,77,155,,,,0.538358093963729,0.842991457443484
skilled-sweep-2,densenet,none,f1,,0.74955595026643,0.833875924575477,249,82,59,173,,,,0.646966718965107,0.833875924575477
confused-sweep-5,densenet,cosine,rate_match,,0.753108348134991,0.82947442441921,261,70,69,163,,,,0.773755058646202,0.82947442441921
sandy-sweep-2,densenet,cosine,f1,0.196567125686653,0.731793960923624,0.825190123971247,259,72,79,153,,,,0.737820035881466,0.825190123971247
apricot-sweep-18,densenet,plateau,f1,,0.726465364120782,0.821752265861027,226,105,49,183,,,,0.529247085253398,0.821752265861027
super-sweep-23,densenet,none,youden,,0.719360568383659,0.808430565683926,243,88,70,162,,,,0.936393949720595,0.808430565683926
breezy-sweep-2,densenet,cosine,rate_match,0.182912067310217,0.730017761989343,0.806880925096364,260,71,81,151,,,,0.755688314636548,0.806880925096364
rare-sweep-4,mtlunet,none,rate_match,0.180025857932197,0.685053380782918,0.775454153097658,226,105,72,159,0.487517713668598,0.475623159435241,0.588295467468769,0.802581800354852,0.775454153097658
major-sweep-1,mtlunet,cosine,youden,0.210766314415532,0.702846975088968,0.775153346150325,241,90,77,154,0.487529039536697,0.475628311864584,0.588197546851467,1.35235301653544,0.775153346150325
expert-sweep-17,vit,cosine,bal_acc,0.219530283095105,0.683836589698046,0.76647307011147,205,126,52,180,,,,0.581091983450784,0.76647307011147
avid-sweep-1,mtlunet,warmcos,f1,0.227120560262171,0.697508896797153,0.765318266828841,223,108,62,169,0.487507706259589,0.475618955683855,0.584741402458827,0.902022179630068,0.765318266828841
balmy-sweep-2,mtlunet,none,youden,0.212572935911566,0.701067615658363,0.762087861785747,198,133,44,187,0.487891667857508,0.475702775099241,0.556440716339568,0.766471922397614,0.762087861785747
splendid-sweep-3,mtlunet,warmcos,rate_match,0.201295464743782,0.670818505338078,0.761983233282327,235,96,89,142,0.487505387923353,0.475617668334491,0.583572633798994,0.903543823295169,0.761983233282327
polished-sweep-5,mtlunet,cosine,youden,0.191369570017882,0.697508896797153,0.759498306326101,218,113,57,174,0.48750508826671,0.475617879346923,0.582702714587497,1.26897246307797,0.759498306326101
mild-sweep-14,vit,warmcos,f1,0.221853799199827,0.690941385435169,0.756367850817794,236,95,79,153,,,,0.632751605576939,0.756367850817794
dark-sweep-1,mtlunet,none,rate_match,0.219669262221094,0.676156583629893,0.755483187507357,235,96,86,145,0.487505074002998,0.475617852195431,0.581297413729524,0.921679324573941,0.755483187507357
azure-sweep-3,mtlunet,cosine,youden,0.215020447533805,0.685053380782918,0.754973123553184,214,117,60,171,0.488271562976071,0.475771964463424,0.58161710917806,1.3114784889751,0.754973123553184
dazzling-sweep-1,mtlunet,plateau,f1,0.206896569534571,0.690391459074733,0.752030446894495,182,149,32,199,0.487504039614627,0.475617446084888,0.553635641434594,1.28457299868266,0.752030446894495
comic-sweep-8,mtlunet,warmcos,youden,0.217760974506085,0.699288256227758,0.751729639947163,147,184,22,209,0.487634777128289,0.475661877207897,0.580067979114895,0.720382355981403,0.751729639947163
daily-sweep-1,mtlunet,warmcos,rate_match,0.188713642847819,0.681494661921708,0.750866454793947,202,129,50,181,0.493375685240463,0.486923098413405,0.583497454584182,0.658444470829434,0.750866454793947
twilight-sweep-4,mtlunet,none,rate_match,0.183248636882543,0.674377224199288,0.749728619819254,221,110,73,158,0.487525571113899,0.475624837843919,0.579296638160773,0.712200184663137,0.749728619819254
usual-sweep-2,mtlunet,none,f1,0.192587329197012,0.688612099644128,0.749035455984097,264,67,108,123,0.493794915973184,0.487106310311243,0.583129104977003,1.30944797727797,0.749035455984097
dashing-sweep-2,mtlunet,warmcos,f1,0.181242186827418,0.683274021352313,0.748446920652359,221,110,68,163,0.493438624423843,0.486943624057625,0.582691528103823,0.800606320301692,0.748446920652359
drawn-sweep-2,mtlunet,cosine,youden,0.195464892284294,0.676156583629893,0.748355370711866,258,73,109,122,0.487649200528648,0.475665202668894,0.578896360092775,0.731489721271727,0.748355370711866
twilight-sweep-3,mtlunet,warmcos,rate_match,0.203959227849331,0.679715302491103,0.747322164240593,220,111,69,162,0.493212576726432,0.475886099861435,0.582150932356389,1.55864170524809,0.747322164240593
skilled-sweep-3,mtlunet,plateau,youden,0.2129663384378,0.688612099644128,0.746707471783001,148,183,26,205,0.48761502388862,0.475653126960121,0.552388135862215,1.38486195935143,0.746707471783001
cool-sweep-2,mtlunet,none,youden,0.211706250448341,0.674377224199288,0.746458979087378,253,78,105,126,0.487504018220926,0.475617405358583,0.578138254524184,0.704599781168832,0.746458979087378
grateful-sweep-1,mtlunet,none,f1,0.192735790495489,0.679715302491103,0.74602738651077,177,154,37,194,0.487682219772183,0.475667468494686,0.578103028130689,1.31932763589753,0.74602738651077
smooth-sweep-1,mtlunet,warmcos,youden,0.217957313246602,0.699288256227758,0.74560887249709,262,69,100,131,0.499422836575519,0.486766857460567,0.585587949148069,1.32799918121762,0.74560887249709
upbeat-sweep-1,mtlunet,cosine,f1,0.208675117939856,0.711743772241993,0.74498110147657,202,129,57,174,0.49380199862098,0.486895356713189,0.606832594905995,1.32532705201043,0.74498110147657
wandering-sweep-2,mtlunet,plateau,youden,0.221461257370322,0.677935943060498,0.744157152012137,219,112,69,162,0.491100510449167,0.476299570062293,0.579670334996206,1.53962896929847,0.744157152012137
dulcet-sweep-4,vit,plateau,f1,0.205478118645647,0.674955595026643,0.744100948015418,223,108,75,157,,,,0.670001877678765,0.744100948015418
pious-sweep-3,mtlunet,none,f1,0.195656879046587,0.699288256227758,0.740835197028551,272,59,110,121,0.493374877312925,0.486923027717346,0.579985989213394,0.733415524164836,0.740835197028551
snowy-sweep-4,mtlunet,plateau,rate_match,0.192735215308444,0.661921708185053,0.73895188396699,208,123,67,164,0.491645001098603,0.442268220013618,0.578202410102539,1.39409122202131,0.73895188396699
lilac-sweep-15,vit,cosine,f1,0.209275431952675,0.664298401420959,0.736977810188561,235,96,93,139,,,,0.640910218159358,0.736977810188561
mild-sweep-2,mtlunet,plateau,f1,0.204500334009436,0.683274021352313,0.736597742640039,250,81,97,134,0.487504075270791,0.475617513962064,0.574686858850028,1.24979408582052,0.736597742640039
giddy-sweep-7,vit,cosine,f1,0.202181853334573,0.664298401420959,0.736248567559121,234,97,92,140,,,,0.610294075475799,0.736248567559121
dainty-sweep-5,mtlunet,plateau,youden,0.189590891672771,0.669039145907473,0.736179228626359,227,104,82,149,0.487504075270791,0.475617513962064,0.549672863609683,1.37817414601644,0.736179228626359
rosy-sweep-23,vit,cosine,f1,0.216197756381666,0.651865008880995,0.735571413688926,297,34,162,70,,,,0.635577178663678,0.735571413688926
valiant-sweep-1,mtlunet,cosine,rate_match,0.200513338802287,0.679715302491103,0.735237572095578,244,87,93,138,0.487514012164142,0.475622363564583,0.574217258140145,0.798242449760437,0.735237572095578
young-sweep-3,mtlunet,none,f1,0.209075790807683,0.654804270462634,0.73485829377068,217,114,80,151,0.487510823455878,0.475620201067431,0.574082438066059,1.40359009636773,0.73485829377068
fancy-sweep-22,vit,cosine,f1,0.226647318268469,0.676731793960924,0.734347327846651,230,101,81,151,,,,0.632156643602583,0.734347327846651
zany-sweep-4,mtlunet,none,f1,0.183096003946008,0.660142348754448,0.734191287061378,258,73,118,113,0.487504025352159,0.475617418934018,0.549175840779464,1.258259428872,0.734191287061378
dauntless-sweep-2,mtlunet,none,youden,0.220794724997633,0.693950177935943,0.733066530649612,271,60,112,119,0.493375950095433,0.486923614300429,0.577267653289396,0.763324479262034,0.733066530649612
graceful-sweep-6,vit,warmcos,rate_match,0.183535462241631,0.626998223801066,0.732315866236066,155,176,31,201,,,,0.636706948280335,0.732315866236066
sparkling-sweep-1,mtlunet,none,youden,0.217495222237895,0.665480427046263,0.728593662128405,210,121,67,164,0.487504075270791,0.475617513962064,0.571885430670956,0.811281634701623,0.728593662128405
gentle-sweep-1,mtlunet,warmcos,rate_match,0.18903157986911,0.660142348754448,0.728279776618145,240,91,100,131,0.487504075270791,0.475617513962064,0.547698000607629,0.679551124572754,0.728279776618145
snowy-sweep-1,mtlunet,plateau,youden,0.233760266112507,0.667259786476868,0.72642262068244,196,135,52,179,0.487686141215614,0.475680983313757,0.571243909029003,1.45829190148248,0.72642262068244
likely-sweep-5,vit,cosine,rate_match,0.198421946221126,0.63943161634103,0.72605870403167,137,194,26,206,,,,0.623032636112637,0.72605870403167
hearty-sweep-19,vit,cosine,bal_acc,0.204610773582174,0.671403197158082,0.724697885196375,252,79,106,126,,,,0.634232627020942,0.724697885196375
peach-sweep-8,mtlunet,none,f1,0.196369085340172,0.640569395017794,0.723924615163286,190,141,61,170,0.493731357757486,0.486970015129384,0.574298997849516,0.882556762960222,0.723924615163286
fanciful-sweep-3,mtlunet,plateau,f1,0.207599451879057,0.663701067615658,0.721988987850015,220,111,78,153,0.489345899925428,0.475778658102455,0.547506671906575,1.39307814174228,0.721988987850015
drawn-sweep-5,vit,cosine,youden,0.211369047800769,0.678507992895204,0.72076518387332,232,99,82,150,,,,0.641539772351583,0.72076518387332
whole-sweep-8,vit,plateau,f1,0.182691655639445,0.664298401420959,0.719502031461611,190,141,52,180,,,,0.624328043725756,0.719502031461611
jolly-sweep-1,mtlunet,warmcos,youden,0.225649074662097,0.660142348754448,0.717908476216633,219,112,79,152,0.493398619517287,0.486918260545417,0.571977069362058,0.700742536120945,0.717908476216633
likely-sweep-8,mtlunet,cosine,youden,0.183311694326154,0.642348754448399,0.716587541360955,212,119,82,149,0.493410076347898,0.486919606434716,0.549204442601162,1.44114905595779,0.716587541360955
fresh-sweep-1,mtlunet,cosine,rate_match,0.228568017344921,0.649466192170819,0.716417520042898,210,121,76,155,0.493375016688629,0.486923299226048,0.571439892862623,0.671421084139082,0.716417520042898
colorful-sweep-1,mtlunet,cosine,f1,0.180492153319842,0.667259786476868,0.715292763631132,173,158,46,185,0.493375016688629,0.486923299226048,0.571046228118505,1.39959079027176,0.715292763631132
confused-sweep-5,mtlunet,none,f1,0.181484728403085,0.670818505338078,0.714965799557945,236,95,90,141,0.493375016688629,0.486923299226048,0.570931790692889,0.676713900433646,0.714965799557945
glamorous-sweep-1,vit,warmcos,bal_acc,0.198000581832995,0.630550621669627,0.713733201375143,193,138,70,162,,,,0.629641698466407,0.713733201375143
glamorous-sweep-2,mtlunet,plateau,youden,0.198403887617466,0.651245551601424,0.713004015118819,127,204,25,206,0.487504075270791,0.475617513962064,0.566429054217601,0.796525355842378,0.713004015118819
light-sweep-2,vit,warmcos,bal_acc,0.232884956731443,0.653641207815275,0.71279560370872,213,118,77,155,,,,0.623017099168566,0.71279560370872
flowing-sweep-6,mtlunet,cosine,rate_match,0.219869987367608,0.654804270462634,0.711761551640706,221,110,84,147,0.487545963020004,0.475611429831066,0.56602141903725,1.45116179519229,0.711761551640706
giddy-sweep-3,mtlunet,plateau,f1,0.223739311388565,0.665480427046263,0.711539216070938,241,90,98,133,0.493375016688629,0.486923299226048,0.569732486472437,0.684476213322745,0.711539216070938
cosmic-sweep-2,mtlunet,warmcos,f1,0.188356965089063,0.631672597864769,0.710623716666013,218,113,94,137,0.487504075270791,0.475617513962064,0.543283985619596,0.787964800993601,0.710623716666013
visionary-sweep-18,vit,warmcos,f1,0.182447383632924,0.634103019538188,0.710503698301906,200,131,75,157,,,,0.630709403091007,0.710503698301906
resilient-sweep-2,vit,none,f1,0.204023975698501,0.598579040852576,0.710321387644546,144,187,39,193,,,,0.680797013971541,0.710321387644546
prime-sweep-9,mtlunet,plateau,youden,0.194891921015674,0.640569395017794,0.709682060135232,216,115,87,144,0.493375016688629,0.486923299226048,0.56908248189494,0.740478969282574,0.709682060135232
gallant-sweep-2,mtlunet,warmcos,f1,0.221846918275512,0.649466192170819,0.708949660611292,204,127,70,161,0.487533611710753,0.475610522537512,0.542887623935887,1.40929078393512,0.708949660611292
wild-sweep-1,vit,warmcos,f1,0.182218071029398,0.634103019538188,0.705294822377331,191,140,66,166,,,,0.625533560911814,0.705294822377331
true-sweep-2,vit,plateau,bal_acc,0.181766404077378,0.644760213143872,0.704448380039588,221,110,90,142,,,,0.618767112493515,0.704448380039588
northern-sweep-1,mtlunet,cosine,youden,0.195933280848553,0.633451957295374,0.704280613646173,193,138,68,163,0.488041787615427,0.47565812725953,0.563725376726188,1.59369092517429,0.704280613646173
skilled-sweep-1,mtlunet,none,rate_match,0.238889532634785,0.645907473309609,0.699781587999111,220,111,90,141,0.493375016688629,0.486923299226048,0.586257973778346,0.67697407801946,0.699781587999111
devout-sweep-1,mtlunet,warmcos,youden,0.222507699461188,0.619217081850534,0.697937510626332,179,152,62,169,0.487609744120312,0.475626945814559,0.561224462397419,0.922861364152696,0.697937510626332
solar-sweep-9,vit,cosine,bal_acc,0.180954019416527,0.642984014209592,0.697767996666319,211,120,81,151,,,,0.623628523614672,0.697767996666319
fresh-sweep-1,mtlunet,plateau,youden,0.190779989115674,0.656583629893239,0.697440525235087,271,60,133,98,0.493375016688629,0.486923299226048,0.585204495534535,1.31751814153459,0.697440525235087
dandy-sweep-1,mtlunet,none,youden,0.226363643615116,0.656583629893239,0.697231268228247,201,130,63,168,0.496476528915915,0.487495867729404,0.546665213743998,1.45392236444685,0.697231268228247
unique-sweep-10,mtlunet,plateau,f1,0.18042457798775,0.633451957295374,0.696211140319902,220,111,95,136,0.493375016688629,0.486923299226048,0.544084047596447,0.737403055032094,0.696211140319902
pious-sweep-4,vit,none,rate_match,0.230055417271507,0.641207815275311,0.695410980310449,200,131,71,161,,,,0.644393917587068,0.695410980310449
snowy-sweep-1,mtlunet,none,youden,0.202217866023549,0.645907473309609,0.694288591569558,212,119,80,151,0.487557758432159,0.475615174659318,0.580586633343989,0.910748991701338,0.694288591569558
dainty-sweep-20,vit,warmcos,f1,0.186392348917268,0.641207815275311,0.692689342639859,244,87,115,117,,,,0.631761809190114,0.692689342639859
fiery-sweep-16,vit,cosine,bal_acc,0.215057428307335,0.644760213143872,0.690931347015314,186,145,55,177,,,,0.638511134518517,0.690931347015314
lyric-sweep-1,vit,warmcos,youden,0.236171402456032,0.58436944937833,0.687962287738306,136,195,39,193,,,,0.704009122318692,0.687962287738306
glad-sweep-22,simple_cnn,none,rate_match,0.212379824719252,0.641207815275311,0.687623710803209,184,147,55,177,,,,0.647945231861538,0.687623710803209
fiery-sweep-2,vit,none,rate_match,0.21502181348016,0.630550621669627,0.681848369621836,160,171,43,189,,,,0.64113939470715,0.681848369621836
wild-sweep-2,vit,none,f1,0.181350369258154,0.619893428063943,0.680500572976352,97,234,16,216,,,,0.633598864078522,0.680500572976352
sleek-sweep-1,vit,plateau,bal_acc,0.212306840900064,0.644760213143872,0.677609646838212,244,87,113,119,,,,0.63484130303065,0.677609646838212
pious-sweep-3,vit,cosine,bal_acc,0.237344389885771,0.55595026642984,0.676932492968017,126,205,45,187,,,,0.66604161924786,0.676932492968017
happy-sweep-17,simple_cnn,cosine,rate_match,0.204140002071384,0.641207815275311,0.66772580477133,231,100,102,130,,,,0.660320474041833,0.66772580477133
sage-sweep-5,vit,plateau,bal_acc,0.222165514344511,0.621669626998224,0.667491405354724,188,143,70,162,,,,0.633717344866859,0.667491405354724
graceful-sweep-21,vit,warmcos,bal_acc,0.208243980017416,0.619893428063943,0.667335139076987,256,75,139,93,,,,0.650791638427311,0.667335139076987
super-sweep-30,vit,cosine,f1,0.236420037909865,0.612788632326821,0.663584748411293,187,144,74,158,,,,0.663995378547245,0.663584748411293
ethereal-sweep-10,simple_cnn,warmcos,rate_match,0.190141030712926,0.651865008880995,0.662256485050526,233,98,98,134,,,,0.661339620749156,0.662256485050526
likely-sweep-36,simple_cnn,warmcos,youden,0.227634395888494,0.628774422735346,0.661761641837691,217,114,95,137,,,,0.662630720271005,0.661761641837691
misty-sweep-13,simple_cnn,plateau,youden,0.200204255382179,0.642984014209592,0.660068757162204,230,101,100,132,,,,0.661669125159582,0.660068757162204
toasty-sweep-16,vit,cosine,youden,0.180466078892742,0.589698046181172,0.659912490884467,316,15,216,16,,,,0.664238221115536,0.659912490884467
apricot-sweep-5,vit,warmcos,f1,0.199062408418857,0.609236234458259,0.659417647671633,200,131,89,143,,,,0.659349103768667,0.659417647671633
curious-sweep-7,simple_cnn,plateau,youden,0.199289180282295,0.626998223801066,0.659105115116158,107,224,28,204,,,,0.655132538742489,0.659105115116158
fluent-sweep-21,simple_cnn,cosine,f1,0.180396151414053,0.573712255772647,0.658857693509741,87,244,20,212,,,,0.668525235520469,0.658857693509741
icy-sweep-59,simple_cnn,warmcos,rate_match,0.199194976882812,0.573712255772647,0.658115428690489,89,242,18,214,,,,0.670511139763726,0.658115428690489
desert-sweep-4,simple_cnn,plateau,youden,0.188188770649153,0.619893428063943,0.657464319199917,212,119,95,137,,,,0.659793161683612,0.657464319199917
glamorous-sweep-7,simple_cnn,plateau,rate_match,0.223532348900065,0.591474245115453,0.655484946348578,184,147,83,149,,,,0.660892794529597,0.655484946348578
youthful-sweep-7,simple_cnn,none,rate_match,0.19578157212483,0.589698046181172,0.654859881237629,176,155,76,156,,,,0.674946010112763,0.654859881237629
fanciful-sweep-11,simple_cnn,warmcos,rate_match,0.193446576825257,0.635879218472469,0.653792061673091,227,104,101,131,,,,0.665417260593838,0.653792061673091
honest-sweep-8,vit,cosine,youden,0.19214302821636,0.561278863232682,0.653726950724034,112,219,29,203,,,,0.71363553735945,0.653726950724034
iconic-sweep-7,simple_cnn,warmcos,f1,0.211799393131922,0.609236234458259,0.652554953641004,199,132,88,144,,,,0.664970202578439,0.652554953641004
glamorous-sweep-55,simple_cnn,plateau,youden,0.194722492582227,0.598579040852576,0.65134388998854,109,222,32,200,,,,0.66078092985683,0.65134388998854
northern-sweep-54,simple_cnn,plateau,rate_match,0.216242799148248,0.596802841918295,0.651096468382123,108,223,26,206,,,,0.662814021110535,0.651096468382123
earthy-sweep-51,simple_cnn,plateau,f1,0.215707766732206,0.614564831261101,0.65070580268778,105,226,25,207,,,,0.663497626781464,0.65070580268778
revived-sweep-6,simple_cnn,warmcos,youden,0.210853794642957,0.618117229129663,0.649716116262111,206,125,90,142,,,,0.666326108906004,0.649716116262111
super-sweep-56,simple_cnn,warmcos,f1,0.195585069577747,0.612788632326821,0.649208250859465,191,140,78,154,,,,0.671528266535865,0.649208250859465
vague-sweep-12,simple_cnn,none,youden,0.211583008136561,0.603907637655417,0.647866965308886,197,134,89,143,,,,0.678789622253842,0.647866965308886
apricot-sweep-16,simple_cnn,plateau,rate_match,0.199241908339711,0.63765541740675,0.647710699031149,230,101,103,129,,,,0.667141523626116,0.647710699031149
valiant-sweep-5,vit,plateau,bal_acc,0.190779944956678,0.616341030195382,0.647489321804355,273,58,158,74,,,,0.65273521343867,0.647489321804355
clean-sweep-1,vit,none,rate_match,0.223979787379673,0.623445825932504,0.647424210855297,206,125,87,145,,,,0.66877547899882,0.647424210855297
avid-sweep-13,simple_cnn,none,f1,0.203285418294561,0.58259325044405,0.646707990415668,172,159,76,156,,,,0.679049832953347,0.646707990415668
zany-sweep-1,simple_cnn,warmcos,f1,0.198895348921369,0.612788632326821,0.646642879466611,213,118,100,132,,,,0.666360567013423,0.646642879466611
youthful-sweep-11,simple_cnn,none,rate_match,0.223611173116066,0.596802841918295,0.645952703406605,181,150,77,155,,,,0.677001078923543,0.645952703406605
likely-sweep-9,simple_cnn,plateau,f1,0.203278981994608,0.573712255772647,0.645601104281696,166,165,75,157,,,,0.678009990188811,0.645601104281696
stilted-sweep-5,simple_cnn,warmcos,rate_match,0.190327990308648,0.618117229129663,0.645483904573393,209,122,93,139,,,,0.668259104092916,0.645483904573393
desert-sweep-1,simple_cnn,cosine,youden,0.194272513725938,0.609236234458259,0.645197416397542,213,118,102,130,,,,0.673334886630376,0.645197416397542
cool-sweep-9,simple_cnn,warmcos,f1,0.195122380164409,0.644760213143872,0.644142619022815,234,97,103,129,,,,0.668162481652366,0.644142619022815
clean-sweep-20,simple_cnn,cosine,youden,0.225998288351491,0.630550621669627,0.643478487342431,75,256,21,211,,,,0.666705936193466,0.643478487342431
helpful-sweep-7,simple_cnn,warmcos,youden,0.228935267937439,0.63765541740675,0.643074799458277,231,100,104,128,,,,0.668484810325835,0.643074799458277
winter-sweep-22,simple_cnn,none,youden,0.220595639526993,0.61101243339254,0.642475778726951,207,124,95,137,,,,0.677797039349874,0.642475778726951
silvery-sweep-1,vit,cosine,youden,0.202547859601054,0.605683836589698,0.642449734347328,198,133,89,143,,,,0.672869331306881,0.642449734347328
firm-sweep-5,simple_cnn,warmcos,f1,0.199376445555439,0.609236234458259,0.642358579018648,63,268,11,221,,,,0.666522562503815,0.642358579018648
apricot-sweep-8,simple_cnn,plateau,f1,0.184682448967913,0.626998223801066,0.642241379310345,110,221,31,201,,,,0.662273095713721,0.642241379310345
apricot-sweep-21,simple_cnn,none,bal_acc,0.230537606190547,0.612788632326821,0.642059068652985,205,126,92,140,,,,0.661703579955631,0.642059068652985
rich-sweep-6,simple_cnn,plateau,youden,0.188836924311066,0.614564831261101,0.641772580477133,213,118,99,133,,,,0.667491674423218,0.641772580477133
exalted-sweep-7,simple_cnn,plateau,rate_match,0.184598999947504,0.561278863232682,0.641225648505053,147,184,63,169,,,,0.678679462936189,0.641225648505053
brisk-sweep-10,simple_cnn,plateau,f1,0.182251678588379,0.603907637655417,0.641069382227315,187,144,79,153,,,,0.677762104405297,0.641069382227315
likely-sweep-4,simple_cnn,warmcos,youden,0.23186698565308,0.595026642984014,0.640600583394104,185,146,82,150,,,,0.678864502244525,0.640600583394104
rich-sweep-18,simple_cnn,cosine,f1,0.225697519544248,0.598579040852576,0.639780185435983,203,128,98,134,,,,0.66190869278378,0.639780185435983
copper-sweep-15,vit,none,rate_match,0.189446960882709,0.628774422735346,0.638282633607667,302,29,180,52,,,,0.691989190048642,0.638282633607667
confused-sweep-5,simple_cnn,plateau,youden,0.193750245274816,0.626998223801066,0.63803521200125,237,94,116,116,,,,0.666428705056508,0.63803521200125
honest-sweep-8,vit,cosine,f1,0.205938687971164,0.595026642984014,0.638022189811439,241,90,138,94,,,,0.668906248278088,0.638022189811439
wandering-sweep-12,simple_cnn,none,youden,0.21131018913645,0.628774422735346,0.636967392436712,229,102,107,125,,,,0.67190169956949,0.636967392436712
upbeat-sweep-5,simple_cnn,warmcos,rate_match,0.202036297700828,0.614564831261101,0.635547973747265,219,112,105,127,,,,0.670097466972139,0.635547973747265
magic-sweep-11,simple_cnn,plateau,f1,0.205709759078314,0.593250444049734,0.635235441191791,178,153,76,156,,,,0.682477543751399,0.635235441191791
radiant-sweep-1,simple_cnn,cosine,f1,0.185602101861296,0.579040852575488,0.635001041775185,163,168,74,158,,,,0.685296383168962,0.635001041775185
lucky-sweep-8,simple_cnn,cosine,youden,0.186344427986926,0.623445825932504,0.634896864256693,237,94,118,114,,,,0.667190849781036,0.634896864256693
dashing-sweep-9,simple_cnn,none,rate_match,0.231791623221064,0.58436944937833,0.634844775497448,171,160,74,158,,,,0.682492329014672,0.634844775497448
earnest-sweep-25,simple_cnn,none,f1,0.216445405792818,0.58436944937833,0.634714553599333,167,164,70,162,,,,0.688229474756453,0.634714553599333
lyric-sweep-2,simple_cnn,none,youden,0.231704612087212,0.598579040852576,0.634037399729138,191,140,86,146,,,,0.682779941293928,0.634037399729138
denim-sweep-10,vit,warmcos,f1,0.233538363934889,0.575488454706927,0.633620689655173,214,117,122,110,,,,0.676546467675103,0.633620689655173
jumping-sweep-2,simple_cnn,cosine,f1,0.221060050071739,0.580817051509769,0.633464423377435,166,165,71,161,,,,0.692220038837857,0.633464423377435
fast-sweep-23,simple_cnn,none,f1,0.234888716143838,0.602131438721137,0.632461714761955,209,122,102,130,,,,0.665534191661411,0.632461714761955
lemon-sweep-2,simple_cnn,cosine,f1,0.22526207762719,0.602131438721137,0.632344515053651,184,147,77,155,,,,0.682942678531011,0.632344515053651
brisk-sweep-14,simple_cnn,plateau,rate_match,0.227444782423339,0.589698046181172,0.632175226586103,180,151,80,152,,,,0.68082829647594,0.632175226586103
copper-sweep-17,simple_cnn,warmcos,f1,0.231858939232777,0.47246891651865,0.631979893738931,50,281,16,216,,,,0.669590920209885,0.631979893738931
dashing-sweep-5,simple_cnn,none,f1,0.227120020103713,0.600355239786856,0.631797583081571,58,273,16,216,,,,0.683022310336431,0.631797583081571
grateful-sweep-12,simple_cnn,warmcos,rate_match,0.193485435724099,0.586145648312611,0.631472028336285,61,270,18,214,,,,0.68667987982432,0.631472028336285
wobbly-sweep-56,simple_cnn,plateau,f1,0.203162352330937,0.607460035523979,0.631393895197416,57,274,17,215,,,,0.670382148689694,0.631393895197416
stellar-sweep-13,vit,plateau,bal_acc,0.227751782825344,0.609236234458259,0.631380873007605,223,108,112,120,,,,0.680411762661404,0.631380873007605
lucky-sweep-8,simple_cnn,none,f1,0.208135633431519,0.609236234458259,0.63052140848005,227,104,116,116,,,,0.668917609585656,0.63052140848005
fluent-sweep-3,simple_cnn,warmcos,youden,0.192015686872277,0.602131438721137,0.630482341910616,191,140,84,148,,,,0.681949840651618,0.630482341910616
bumbling-sweep-14,simple_cnn,none,f1,0.228715713691588,0.570159857904085,0.630182831544953,156,175,67,165,,,,0.690604587395986,0.630182831544953
dutiful-sweep-2,simple_cnn,none,rate_match,0.234785972850087,0.58259325044405,0.629831232420044,167,164,71,161,,,,0.678342243035634,0.629831232420044
comic-sweep-1,vit,warmcos,f1,0.238392323078625,0.571936056838366,0.629479633295135,163,168,73,159,,,,0.67804831928677,0.629479633295135
major-sweep-22,simple_cnn,none,f1,0.226706832786932,0.616341030195382,0.629023856651734,232,99,117,115,,,,0.667585670948029,0.629023856651734
stilted-sweep-11,vit,plateau,bal_acc,0.204367394138009,0.538188277087034,0.628854568184186,94,237,23,209,,,,0.680854956309001,0.628854568184186
dainty-sweep-2,vit,none,youden,0.185721571718768,0.570159857904085,0.628294614022294,141,190,52,180,,,,0.697156157758501,0.628294614022294
gentle-sweep-50,simple_cnn,plateau,f1,0.203157783769955,0.602131438721137,0.627591415772476,74,257,28,204,,,,0.671938505437639,0.627591415772476
pretty-sweep-5,simple_cnn,warmcos,f1,0.212114706832006,0.587921847246892,0.627239816647567,169,162,70,162,,,,0.680880635976791,0.627239816647567
hearty-sweep-1,simple_cnn,plateau,youden,0.208141887445101,0.618117229129663,0.627070528180019,235,96,119,113,,,,0.669393261273702,0.627070528180019
misty-sweep-12,simple_cnn,warmcos,rate_match,0.230085367083203,0.568383658969805,0.62699239504115,155,176,67,165,,,,0.685836517148548,0.62699239504115
devoted-sweep-7,simple_cnn,none,f1,0.220542314010432,0.580817051509769,0.626940306281904,166,165,71,161,,,,0.685931841532389,0.626940306281904
spring-sweep-21,simple_cnn,cosine,youden,0.18202095263053,0.619893428063943,0.626836128763413,224,107,107,125,,,,0.684705495834351,0.626836128763413
generous-sweep-2,simple_cnn,cosine,f1,0.218008591861682,0.591474245115453,0.626666840295864,182,149,81,151,,,,0.670900464057922,0.626666840295864
ancient-sweep-1,simple_cnn,none,youden,0.186667905129942,0.591474245115453,0.625729242629441,43,288,14,218,,,,0.688975234826406,0.625729242629441
likely-sweep-20,simple_cnn,cosine,rate_match,0.194240521056275,0.607460035523979,0.625520887592458,189,142,79,153,,,,0.676814407110214,0.625520887592458
swept-sweep-6,simple_cnn,cosine,f1,0.212967220409843,0.58259325044405,0.625403687884155,171,160,75,157,,,,0.686259885629018,0.625403687884155
volcanic-sweep-18,simple_cnn,none,f1,0.186590187122733,0.559502664298402,0.625130221898114,149,182,66,166,,,,0.691982368628184,0.625130221898114
desert-sweep-1,simple_cnn,cosine,youden,0.220081717406783,0.628774422735346,0.624557245546411,243,88,121,111,,,,0.683762010600832,0.624557245546411
serene-sweep-10,simple_cnn,warmcos,f1,0.237620290705362,0.600355239786856,0.62445306802792,207,124,101,131,,,,0.668023775021235,0.62445306802792
rich-sweep-19,simple_cnn,none,rate_match,0.219569772711128,0.571936056838366,0.624140535472445,158,173,68,164,,,,0.691158798005846,0.624140535472445
sage-sweep-7,simple_cnn,warmcos,f1,0.183068723816403,0.602131438721137,0.623814980727159,121,210,48,184,,,,0.673891537719303,0.623814980727159
denim-sweep-21,simple_cnn,none,f1,0.20997619198635,0.571936056838366,0.623476403792062,158,173,68,164,,,,0.691713505321079,0.623476403792062
comic-sweep-8,simple_cnn,none,rate_match,0.234303465214212,0.543516873889876,0.622942494009793,129,202,55,177,,,,0.691216899289025,0.622942494009793
sunny-sweep-15,simple_cnn,cosine,youden,0.214432311588575,0.619893428063943,0.62291644963017,221,110,104,128,,,,0.677195476161109,0.62291644963017
light-sweep-6,simple_cnn,cosine,rate_match,0.231160313086894,0.607460035523979,0.622812272111678,191,140,81,151,,,,0.677103870444828,0.622812272111678
glorious-sweep-17,simple_cnn,cosine,f1,0.22142849284476,0.595026642984014,0.622682050213564,194,137,91,141,,,,0.677205857303407,0.622682050213564
lucky-sweep-14,simple_cnn,plateau,rate_match,0.22744202229007,0.609236234458259,0.622421606417335,235,96,124,108,,,,0.670644409126706,0.622421606417335
hardy-sweep-13,simple_cnn,plateau,f1,0.239289138816463,0.58259325044405,0.622161162621106,37,294,14,218,,,,0.690550552474128,0.622161162621106
divine-sweep-6,vit,warmcos,f1,0.197255362067882,0.596802841918295,0.622017918533181,283,48,179,53,,,,0.674829237990909,0.622017918533181
robust-sweep-1,vit,warmcos,f1,0.182811029099499,0.587921847246892,0.620546411084488,193,138,94,138,,,,0.673852635754479,0.620546411084488
fallen-sweep-1,simple_cnn,plateau,youden,0.202868529653936,0.566607460035524,0.620429211376185,163,168,70,162,,,,0.693296472231547,0.620429211376185
earthy-sweep-16,simple_cnn,cosine,rate_match,0.235078006453763,0.566607460035524,0.620207834149391,154,177,67,165,,,,0.677982648213705,0.620207834149391
still-sweep-24,simple_cnn,none,f1,0.225160582366271,0.570159857904085,0.620194811959579,155,176,66,166,,,,0.688326444890764,0.620194811959579
exalted-sweep-26,simple_cnn,none,youden,0.209278209078434,0.591474245115453,0.620090634441088,175,156,74,158,,,,0.689621090888977,0.620090634441088
volcanic-sweep-1,simple_cnn,warmcos,youden,0.220391068585978,0.605683836589698,0.62002552349203,205,126,96,136,,,,0.678499692016178,0.62002552349203
azure-sweep-28,simple_cnn,warmcos,f1,0.210264011657624,0.447602131438721,0.619973434732785,42,289,22,210,,,,0.673231754038069,0.619973434732785
frosty-sweep-13,simple_cnn,plateau,youden,0.185176721307691,0.596802841918295,0.619712990936556,181,150,77,155,,,,0.691986812485589,0.619712990936556
olive-sweep-3,simple_cnn,warmcos,rate_match,0.186689437839422,0.591474245115453,0.61929628086259,173,158,72,160,,,,0.687886701689826,0.61929628086259
bright-sweep-3,simple_cnn,cosine,rate_match,0.210738854897465,0.577264653641208,0.619074903635795,163,168,70,162,,,,0.691921446058485,0.619074903635795
swept-sweep-3,vit,warmcos,f1,0.185914618318916,0.579040852575488,0.618514949473903,214,117,120,112,,,,0.66094931628969,0.618514949473903
dark-sweep-11,simple_cnn,warmcos,f1,0.203264641258573,0.577264653641208,0.618462860714658,59,272,29,203,,,,0.691320803430345,0.618462860714658
drawn-sweep-1,simple_cnn,plateau,youden,0.201546910553873,0.619893428063943,0.618423794145224,129,202,46,186,,,,0.677844587299559,0.618423794145224
stellar-sweep-1,simple_cnn,warmcos,f1,0.235328842226173,0.616341030195382,0.617342952390874,212,119,97,135,,,,0.677394125196669,0.617342952390874
silvery-sweep-2,vit,warmcos,youden,0.204056103876588,0.614564831261101,0.61721273049276,210,121,96,136,,,,0.680829034911262,0.61721273049276
swept-sweep-8,simple_cnn,warmcos,f1,0.189879568456546,0.605683836589698,0.616854620272945,202,129,93,139,,,,0.679284274578095,0.616854620272945
usual-sweep-1,simple_cnn,none,f1,0.22804508818963,0.573712255772647,0.616496510053131,158,173,67,165,,,,0.69304213921229,0.616496510053131
wise-sweep-9,simple_cnn,plateau,youden,0.188687132029462,0.58259325044405,0.616275132826336,61,270,30,202,,,,0.690619316365984,0.616275132826336
astral-sweep-15,simple_cnn,plateau,f1,0.206352468376145,0.616341030195382,0.616014689030107,230,101,115,117,,,,0.676313701603148,0.616014689030107
gallant-sweep-9,simple_cnn,plateau,f1,0.192749195667199,0.61101243339254,0.615936555891239,119,212,44,188,,,,0.6813080045912,0.615936555891239
ancient-sweep-1,vit,plateau,f1,0.223511877639208,0.618117229129663,0.615467757058027,296,35,180,52,,,,0.663679348097907,0.615467757058027
rich-sweep-20,simple_cnn,plateau,f1,0.218644725913446,0.575488454706927,0.615103135743307,150,181,58,174,,,,0.680039743582408,0.615103135743307
woven-sweep-18,simple_cnn,warmcos,youden,0.222940436051776,0.465364120781528,0.614660381289718,64,267,34,198,,,,0.675059722529517,0.614660381289718
laced-sweep-12,vit,plateau,bal_acc,0.23331136359254,0.587921847246892,0.614191582456506,243,88,144,88,,,,0.669683900144365,0.614191582456506
noble-sweep-6,simple_cnn,plateau,rate_match,0.188074436371358,0.550621669626998,0.613787894572351,143,188,65,167,,,,0.689776609341304,0.613787894572351
breezy-sweep-1,simple_cnn,warmcos,bal_acc,0.192866939537128,0.589698046181172,0.612902385665173,183,148,83,149,,,,0.677793992890252,0.612902385665173
robust-sweep-2,simple_cnn,none,youden,0.224260685950836,0.58436944937833,0.612746119387436,173,158,77,155,,,,0.69110162390603,0.612746119387436
cosmic-sweep-4,simple_cnn,none,f1,0.229361748351099,0.607460035523979,0.61160016668403,95,236,47,185,,,,0.678900748491287,0.61160016668403
ruby-sweep-6,simple_cnn,plateau,youden,0.217774875387729,0.58259325044405,0.611561100114595,15,316,10,222,,,,0.692381719748179,0.611561100114595
rare-sweep-6,simple_cnn,none,f1,0.209736397426122,0.621669626998224,0.611443900406292,102,229,39,193,,,,0.683116740650601,0.611443900406292
skilled-sweep-6,simple_cnn,warmcos,bal_acc,0.198461632349319,0.596802841918295,0.611196478799875,187,144,83,149,,,,0.678303493393792,0.611196478799875
vivid-sweep-10,simple_cnn,cosine,f1,0.220469894408826,0.609236234458259,0.611118345661006,198,133,87,145,,,,0.681676467259725,0.611118345661006
warm-sweep-3,simple_cnn,plateau,rate_match,0.208355199016451,0.616341030195382,0.610818835295343,210,121,95,137,,,,0.68071836233139,0.610818835295343
twilight-sweep-4,simple_cnn,plateau,rate_match,0.234863811317793,0.577264653641208,0.610284925513074,170,161,77,155,,,,0.690418776538637,0.610284925513074
comic-sweep-10,simple_cnn,warmcos,f1,0.192938804866063,0.589698046181172,0.610258881133451,150,181,65,167,,,,0.690816899140676,0.610258881133451
mild-sweep-4,simple_cnn,warmcos,youden,0.22007782383134,0.600355239786856,0.609946348577977,193,138,87,145,,,,0.67992643515269,0.609946348577977
generous-sweep-3,simple_cnn,plateau,f1,0.202391176415653,0.587921847246892,0.609920304198354,168,163,69,163,,,,0.692330035898421,0.609920304198354
sparkling-sweep-24,simple_cnn,none,bal_acc,0.233835160045405,0.596802841918295,0.60988123762892,200,131,96,136,,,,0.675541539986928,0.60988123762892
colorful-sweep-11,simple_cnn,plateau,rate_match,0.191191279760769,0.605683836589698,0.609529638504011,208,123,99,133,,,,0.685683379570643,0.609529638504011
pious-sweep-6,simple_cnn,warmcos,rate_match,0.20936518564222,0.593250444049734,0.609490571934577,152,179,66,166,,,,0.682354546255536,0.609490571934577
deft-sweep-5,vit,warmcos,f1,0.227272660564332,0.580817051509769,0.609373372226274,250,81,155,77,,,,0.680818319320679,0.609373372226274
lunar-sweep-3,simple_cnn,plateau,youden,0.237392346867649,0.603907637655417,0.609191061568913,202,129,94,138,,,,0.683212836583455,0.609191061568913
proud-sweep-1,simple_cnn,cosine,youden,0.184161564114971,0.612788632326821,0.608943639962496,204,127,91,141,,,,0.682068910863664,0.608943639962496
likely-sweep-8,simple_cnn,warmcos,youden,0.21012292303151,0.575488454706927,0.608943639962496,54,277,25,207,,,,0.690547555685043,0.608943639962496
earnest-sweep-3,simple_cnn,warmcos,f1,0.181783326606784,0.598579040852576,0.608644129596833,164,167,67,165,,,,0.683155761824714,0.608644129596833
splendid-sweep-2,simple_cnn,warmcos,youden,0.224719309609973,0.614564831261101,0.608214397333056,203,128,89,143,,,,0.682202570968204,0.608214397333056
absurd-sweep-7,simple_cnn,cosine,youden,0.221851465368156,0.571936056838366,0.607680487550787,51,280,26,206,,,,0.690612422095405,0.607680487550787
dashing-sweep-2,simple_cnn,none,f1,0.221314250805569,0.58259325044405,0.607511199083238,80,251,36,196,,,,0.68296613295873,0.607511199083238
smart-sweep-7,simple_cnn,warmcos,f1,0.1815919887955,0.591474245115453,0.607328888425878,182,149,81,151,,,,0.681394636631012,0.607328888425878
amber-sweep-8,simple_cnn,plateau,youden,0.200300815954599,0.621669626998224,0.607302844046255,87,244,45,187,,,,0.685424943765005,0.607302844046255
lively-sweep-3,simple_cnn,plateau,f1,0.230281132562218,0.589698046181172,0.607302844046255,184,147,84,148,,,,0.690813667244381,0.607302844046255
radiant-sweep-1,simple_cnn,warmcos,f1,0.216471716745695,0.575488454706927,0.606912178351912,162,169,70,162,,,,0.685376574595769,0.606912178351912
restful-sweep-9,simple_cnn,none,f1,0.229803806859734,0.623445825932504,0.606781956453797,222,109,103,129,,,,0.685817367500729,0.606781956453797
prime-sweep-5,simple_cnn,plateau,rate_match,0.227813426297553,0.55417406749556,0.606755912074174,150,181,70,162,,,,0.69082764784495,0.606755912074174
ethereal-sweep-7,simple_cnn,plateau,youden,0.238181489075493,0.598579040852576,0.606521512657569,196,135,91,141,,,,0.684498502148522,0.606521512657569
apricot-sweep-3,simple_cnn,none,rate_match,0.187683657397786,0.616341030195382,0.606508490467757,228,103,113,119,,,,0.683997220463223,0.606508490467757
spring-sweep-4,simple_cnn,cosine,rate_match,0.20923978766072,0.570159857904085,0.606235024481717,96,235,39,193,,,,0.690663980113136,0.606235024481717
decent-sweep-1,simple_cnn,plateau,f1,0.197699927247151,0.559502664298402,0.606000625065111,148,183,65,167,,,,0.690780017111037,0.606000625065111
colorful-sweep-6,simple_cnn,plateau,youden,0.193994834517069,0.58259325044405,0.605831336597562,236,95,140,92,,,,0.67575208346049,0.605831336597562
spring-sweep-5,simple_cnn,cosine,rate_match,0.222462258233628,0.607460035523979,0.605636003750391,117,214,46,186,,,,0.684246990415785,0.605636003750391
fluent-sweep-7,vit,cosine,rate_match,0.22924409930822,0.593250444049734,0.605076049588499,218,113,116,116,,,,0.686947796079848,0.605076049588499
radiant-sweep-23,simple_cnn,none,rate_match,0.217865400921004,0.566607460035524,0.604984894259819,160,171,73,159,,,,0.690942390097512,0.604984894259819
laced-sweep-4,simple_cnn,warmcos,f1,0.228988292493148,0.587921847246892,0.604880716741327,176,155,77,155,,,,0.682523532046212,0.604880716741327
denim-sweep-16,simple_cnn,warmcos,bal_acc,0.198860174041339,0.605683836589698,0.604854672361704,211,120,102,130,,,,0.676621817880207,0.604854672361704
radiant-sweep-4,simple_cnn,plateau,youden,0.2013218026969,0.595026642984014,0.604802583602459,181,150,78,154,,,,0.690623773468865,0.604802583602459
icy-sweep-4,simple_cnn,none,youden,0.238944644147375,0.591474245115453,0.604659339514533,178,153,77,155,,,,0.690671708848741,0.604659339514533
smart-sweep-5,simple_cnn,cosine,youden,0.230014581574993,0.586145648312611,0.604659339514533,175,156,77,155,,,,0.690782328446706,0.604659339514533
fearless-sweep-3,simple_cnn,cosine,youden,0.197036075069462,0.591474245115453,0.604144963016981,192,139,91,141,,,,0.684335947036743,0.604144963016981
zany-sweep-1,simple_cnn,none,rate_match,0.185204913898957,0.602131438721137,0.603943119074904,199,132,92,140,,,,0.691666278574202,0.603943119074904
true-sweep-8,simple_cnn,none,f1,0.216374204144963,0.571936056838366,0.603851963746224,163,168,73,159,,,,0.690951062573327,0.603851963746224
rare-sweep-4,vit,warmcos,f1,0.22428104986082,0.568383658969805,0.603669653088863,243,88,155,77,,,,0.677522626188066,0.603669653088863
proud-sweep-5,simple_cnn,warmcos,f1,0.227060913753621,0.580817051509769,0.603643608709241,169,162,74,158,,,,0.690973553392622,0.603643608709241
rosy-sweep-30,simple_cnn,warmcos,bal_acc,0.225273208949651,0.58436944937833,0.603630586519429,183,148,86,146,,,,0.683751033412086,0.603630586519429
classic-sweep-5,simple_cnn,warmcos,rate_match,0.231755881097724,0.579040852575488,0.603585008855089,169,162,75,157,,,,0.691124763753679,0.603585008855089
dulcet-sweep-1,simple_cnn,cosine,rate_match,0.207650571334244,0.609236234458259,0.603552453380561,214,117,103,129,,,,0.693139033185111,0.603552453380561
golden-sweep-2,simple_cnn,cosine,youden,0.193542392189498,0.618117229129663,0.603500364621315,221,110,105,127,,,,0.691024866369036,0.603500364621315
ethereal-sweep-8,simple_cnn,cosine,bal_acc,0.212234893226098,0.605683836589698,0.60327898739452,211,120,102,130,,,,0.677382038699256,0.60327898739452
radiant-sweep-1,simple_cnn,warmcos,bal_acc,0.219760205145655,0.614564831261101,0.603122721116783,229,102,115,117,,,,0.678122636344698,0.603122721116783
laced-sweep-1,simple_cnn,cosine,f1,0.217240113994282,0.603907637655417,0.603057610167726,200,131,92,140,,,,0.690416150622898,0.603057610167726
super-sweep-9,simple_cnn,plateau,f1,0.225125358610486,0.58436944937833,0.602875299510366,180,151,83,149,,,,0.684527628951603,0.602875299510366
lyric-sweep-12,simple_cnn,plateau,f1,0.190037544427296,0.577264653641208,0.602784144181686,117,214,46,186,,,,0.691424581739638,0.602784144181686
dauntless-sweep-15,simple_cnn,warmcos,f1,0.23934008357965,0.609236234458259,0.601768413376393,215,116,104,128,,,,0.675099680821101,0.601768413376393
flowing-sweep-17,simple_cnn,cosine,f1,0.216562820242598,0.607460035523979,0.601755391186582,208,123,98,134,,,,0.679481638802422,0.601755391186582
woven-sweep-14,simple_cnn,none,bal_acc,0.200394747357539,0.607460035523979,0.601234503594124,212,119,102,130,,,,0.679407162798776,0.601234503594124
restful-sweep-12,simple_cnn,plateau,rate_match,0.184882326890931,0.612788632326821,0.600270861548078,219,112,106,126,,,,0.68187936478191,0.600270861548078
drawn-sweep-4,simple_cnn,none,f1,0.215770546473548,0.61101243339254,0.600140639649964,42,289,15,217,,,,0.683114972379473,0.600140639649964
brisk-sweep-1,simple_cnn,warmcos,f1,0.203574738490587,0.595026642984014,0.600075528700906,177,154,74,158,,,,0.684734635882907,0.600075528700906
crimson-sweep-8,simple_cnn,warmcos,bal_acc,0.180557487433363,0.602131438721137,0.599736951765809,189,142,82,150,,,,0.684291481971741,0.599736951765809
autumn-sweep-6,simple_cnn,cosine,f1,0.219672898504091,0.586145648312611,0.598317533076362,189,142,91,141,,,,0.684584074550205,0.598317533076362
super-sweep-5,simple_cnn,warmcos,f1,0.223368794915214,0.600355239786856,0.598252422127305,182,149,76,156,,,,0.684764769342211,0.598252422127305
ethereal-sweep-3,simple_cnn,warmcos,bal_acc,0.200454208699548,0.58436944937833,0.598096155849568,171,160,74,158,,,,0.68540812532107,0.598096155849568
earnest-sweep-4,vit,cosine,f1,0.196517663771662,0.566607460035524,0.597874778622773,188,143,101,131,,,,0.71612337562773,0.597874778622773
jolly-sweep-20,simple_cnn,warmcos,f1,0.218973831440417,0.603907637655417,0.597744556724659,209,122,101,131,,,,0.676970693800185,0.597744556724659
fine-sweep-2,simple_cnn,none,f1,0.238226000340197,0.587921847246892,0.597705490155225,205,126,106,126,,,,0.68699261214998,0.597705490155225
polished-sweep-5,simple_cnn,none,youden,0.202244238227838,0.598579040852576,0.596325138035212,204,127,99,133,,,,0.684337317943573,0.596325138035212
twilight-sweep-4,simple_cnn,none,f1,0.22780169985967,0.600355239786856,0.595895405771435,200,131,94,138,,,,0.683600710497962,0.595895405771435
fragrant-sweep-2,simple_cnn,plateau,youden,0.187639784577815,0.602131438721137,0.59558287321596,41,290,16,216,,,,0.683041009638045,0.59558287321596
blooming-sweep-3,simple_cnn,warmcos,youden,0.18517045974808,0.607460035523979,0.594241587665382,51,280,26,206,,,,0.683113674322764,0.594241587665382
vague-sweep-2,vit,warmcos,rate_match,0.213361235111221,0.587921847246892,0.594189498906136,219,112,120,112,,,,0.688839938905504,0.594189498906136
sparkling-sweep-3,simple_cnn,none,youden,0.228331318967977,0.595026642984014,0.592171059485363,208,123,105,127,,,,0.688020136621263,0.592171059485363
genial-sweep-16,simple_cnn,plateau,rate_match,0.216300639435545,0.550621669626998,0.591311594957808,150,181,72,160,,,,0.688520540793737,0.591311594957808
floral-sweep-6,vit,cosine,f1,0.232816038502483,0.570159857904085,0.590920929263465,288,43,199,33,,,,0.676277736822764,0.590920929263465
gallant-sweep-2,simple_cnn,warmcos,f1,0.200579879654409,0.429840142095915,0.590907907073654,32,299,22,210,,,,0.690905054410299,0.590907907073654
trim-sweep-8,simple_cnn,warmcos,youden,0.213352849777212,0.593250444049734,0.590530263569122,202,129,100,132,,,,0.686913361152013,0.590530263569122
breezy-sweep-9,simple_cnn,warmcos,bal_acc,0.223705303136163,0.552397868561279,0.590321908532139,147,184,68,164,,,,0.687849187188678,0.590321908532139
decent-sweep-5,simple_cnn,plateau,youden,0.20151272393559,0.591474245115453,0.590165642254402,195,136,94,138,,,,0.685355193085141,0.590165642254402
happy-sweep-2,simple_cnn,warmcos,bal_acc,0.183012200252283,0.587921847246892,0.590087509115533,196,135,97,135,,,,0.684812131855223,0.590087509115533
smooth-sweep-1,simple_cnn,warmcos,youden,0.192402321855215,0.602131438721137,0.589957287217419,212,119,105,127,,,,0.684621724817488,0.589957287217419
comic-sweep-4,simple_cnn,plateau,youden,0.214570803497522,0.598579040852576,0.589827065319304,52,279,25,207,,,,0.684025916788313,0.589827065319304
royal-sweep-5,simple_cnn,plateau,youden,0.213644897647606,0.598579040852576,0.587847692467965,47,284,25,207,,,,0.684331258138021,0.587847692467965
warm-sweep-4,simple_cnn,cosine,youden,0.210363146376356,0.579040852575488,0.587404938014377,190,141,96,136,,,,0.690490086873372,0.587404938014377
ancient-sweep-1,simple_cnn,plateau,rate_match,0.239049408383267,0.591474245115453,0.587209605167205,55,276,27,205,,,,0.68654657403628,0.587209605167205
likely-sweep-19,simple_cnn,cosine,bal_acc,0.230873322365352,0.419182948490231,0.586272007500781,21,310,17,215,,,,0.694597933027479,0.586272007500781
sleek-sweep-5,simple_cnn,warmcos,f1,0.236987706325872,0.58259325044405,0.584396812167934,185,146,89,143,,,,0.687848574585385,0.584396812167934
bright-sweep-8,simple_cnn,cosine,youden,0.220878997703698,0.593250444049734,0.583446192311699,195,136,93,139,,,,0.686783744229211,0.583446192311699
hearty-sweep-3,simple_cnn,cosine,youden,0.238732593123361,0.589698046181172,0.58282112720075,191,140,91,141,,,,0.687865442699856,0.58282112720075
zany-sweep-2,vit,warmcos,f1,0.186397682682708,0.58259325044405,0.581551463694135,277,54,181,51,,,,0.688962161540985,0.581551463694135
charmed-sweep-6,simple_cnn,warmcos,youden,0.222920920154534,0.587921847246892,0.579148869673924,193,138,94,138,,,,0.688016835186217,0.579148869673924
tough-sweep-4,simple_cnn,none,youden,0.225334469399817,0.575488454706927,0.578849359308261,202,129,110,122,,,,0.702551225821177,0.578849359308261
toasty-sweep-1,simple_cnn,plateau,youden,0.193653524521686,0.589698046181172,0.578797270549015,206,125,106,126,,,,0.68565602435006,0.578797270549015
proud-sweep-1,simple_cnn,none,youden,0.207219723949911,0.587921847246892,0.57838056047505,56,275,23,209,,,,0.687672211064233,0.57838056047505
neat-sweep-5,simple_cnn,warmcos,bal_acc,0.202783071168984,0.557726465364121,0.578341493905615,188,143,106,126,,,,0.687904768519931,0.578341493905615
fancy-sweep-2,simple_cnn,warmcos,bal_acc,0.233805027887055,0.557726465364121,0.577911761641838,185,146,103,129,,,,0.686320530043708,0.577911761641838
glorious-sweep-4,simple_cnn,warmcos,f1,0.224877697499723,0.570159857904085,0.577078341493906,170,161,81,151,,,,0.687545802858141,0.577078341493906
clear-sweep-7,simple_cnn,warmcos,bal_acc,0.180035676937351,0.566607460035524,0.576023544119179,191,140,104,128,,,,0.688346568081114,0.576023544119179
volcanic-sweep-4,simple_cnn,cosine,rate_match,0.193129124109694,0.557726465364121,0.575639389519742,234,97,152,80,,,,0.684780399004618,0.575639389519742
glad-sweep-2,simple_cnn,plateau,youden,0.22865697333824,0.580817051509769,0.57512501302219,194,137,99,133,,,,0.686558889018165,0.57512501302219
lyric-sweep-8,vit,none,rate_match,0.217044246585776,0.579040852575488,0.574512970101052,234,97,140,92,,,,0.685843808783425,0.574512970101052
dauntless-sweep-4,simple_cnn,cosine,youden,0.211703749458796,0.573712255772647,0.574213459735389,202,129,111,121,,,,0.687950468725628,0.574213459735389
solar-sweep-3,simple_cnn,none,f1,0.196275705527056,0.573712255772647,0.573887904990103,232,99,141,91,,,,0.685676376024882,0.573887904990103
summer-sweep-2,simple_cnn,warmcos,rate_match,0.214699591903428,0.566607460035524,0.57313261798104,176,155,89,143,,,,0.688571621974309,0.57313261798104
wobbly-sweep-1,simple_cnn,warmcos,youden,0.189947490543998,0.557726465364121,0.570762579435358,182,149,100,132,,,,0.688237150510152,0.570762579435358
sandy-sweep-3,simple_cnn,warmcos,f1,0.235377346801614,0.545293072824156,0.569030628190437,189,142,114,118,,,,0.689493437608083,0.569030628190437
fallen-sweep-9,simple_cnn,cosine,youden,0.20749497539608,0.561278863232682,0.567168455047401,203,128,119,113,,,,0.689527134100596,0.567168455047401
dauntless-sweep-7,simple_cnn,none,youden,0.233782276912712,0.570159857904085,0.566191790811543,215,116,126,106,,,,0.690087805191676,0.566191790811543
toasty-sweep-4,simple_cnn,warmcos,f1,0.220211953143398,0.538188277087034,0.564564017085113,183,148,112,120,,,,0.689800381660461,0.564564017085113
dainty-sweep-1,simple_cnn,warmcos,bal_acc,0.205333018605067,0.538188277087034,0.564147307011147,179,152,108,124,,,,0.689823723501629,0.564147307011147
eager-sweep-2,simple_cnn,warmcos,f1,0.216927194117389,0.541740674955595,0.56408219606209,187,144,114,118,,,,0.690004626909892,0.56408219606209
fresh-sweep-6,simple_cnn,warmcos,bal_acc,0.181175358636892,0.550621669626998,0.564017085113033,192,139,114,118,,,,0.689568261305491,0.564017085113033
vital-sweep-2,simple_cnn,warmcos,f1,0.209348774522867,0.538188277087034,0.563600375039067,172,159,101,131,,,,0.690887361764908,0.563600375039067
sweepy-sweep-3,simple_cnn,warmcos,bal_acc,0.219703549750002,0.539964476021314,0.56254557766434,172,159,100,132,,,,0.690802094009188,0.56254557766434
confused-sweep-2,simple_cnn,warmcos,rate_match,0.232352137659527,0.545293072824156,0.561868423794145,45,286,25,207,,,,0.690867198838128,0.561868423794145
wandering-sweep-1,simple_cnn,none,f1,0.187520277583061,0.543516873889876,0.560266694447338,147,184,81,151,,,,0.691421495543586,0.560266694447338
prime-sweep-8,vit,plateau,youden,0.216278584284248,0.557726465364121,0.559381185540161,156,175,74,158,,,,0.900584853357739,0.559381185540161
daily-sweep-2,simple_cnn,warmcos,youden,0.239179037512641,0.55417406749556,0.558430565683926,221,110,141,91,,,,0.688808679580689,0.558430565683926
smart-sweep-1,simple_cnn,warmcos,bal_acc,0.232127174256242,0.536412078152753,0.557942233565996,152,179,82,150,,,,0.693739732106527,0.557942233565996
distinctive-sweep-8,simple_cnn,plateau,youden,0.227345989700447,0.575488454706927,0.556815814147307,215,116,123,109,,,,0.696936474906074,0.556815814147307
rose-sweep-4,simple_cnn,warmcos,youden,0.214270113993458,0.570159857904085,0.554680175018231,220,111,131,101,,,,0.691730025741789,0.554680175018231
northern-sweep-6,simple_cnn,cosine,rate_match,0.203786619428693,0.536412078152753,0.553573288884259,173,158,103,129,,,,0.693922367360857,0.553573288884259
fast-sweep-1,simple_cnn,warmcos,f1,0.228964072503651,0.534635879218472,0.553508177935202,172,159,103,129,,,,0.694039007027944,0.553508177935202
honest-sweep-7,simple_cnn,plateau,rate_match,0.197089209228898,0.532859680284192,0.55294822377331,158,173,90,142,,,,0.697034474876192,0.55294822377331
wise-sweep-5,simple_cnn,plateau,f1,0.218304305165982,0.513321492007105,0.549777320554225,138,193,81,151,,,,0.697980059517754,0.549777320554225
swept-sweep-9,simple_cnn,plateau,rate_match,0.188133606416274,0.536412078152753,0.547498437337223,158,173,88,144,,,,0.697903725836012,0.547498437337223
solar-sweep-2,simple_cnn,plateau,rate_match,0.182189849834806,0.532859680284192,0.546840816751745,158,173,90,142,,,,0.698407232761383,0.546840816751745
zany-sweep-4,simple_cnn,warmcos,bal_acc,0.239583286722861,0.511545293072824,0.545538597770601,131,200,75,157,,,,0.691600190268623,0.545538597770601
desert-sweep-3,simple_cnn,plateau,youden,0.210182604493288,0.557726465364121,0.545226065215127,201,130,119,113,,,,0.697627312607235,0.545226065215127
sparkling-sweep-3,simple_cnn,warmcos,f1,0.188987450457076,0.532859680284192,0.544574955724555,190,141,122,110,,,,0.691501286294725,0.544574955724555
wild-sweep-10,simple_cnn,plateau,youden,0.209486518736383,0.557726465364121,0.544028023752474,202,129,120,112,,,,0.696215887864431,0.544028023752474
resilient-sweep-11,simple_cnn,plateau,rate_match,0.214042654641917,0.52753108348135,0.544008490467757,157,174,92,140,,,,0.696275062031216,0.544008490467757
earthy-sweep-1,simple_cnn,warmcos,bal_acc,0.190897281303083,0.468916518650089,0.541358474841129,94,237,62,170,,,,0.692479974693722,0.541358474841129
vocal-sweep-4,vit,cosine,rate_match,0.211784196948816,0.52753108348135,0.538454526513179,153,178,88,144,,,,0.901095973120795,0.538454526513179
glowing-sweep-1,vit,warmcos,rate_match,0.197359079834955,0.587921847246892,0.528570684446297,11,320,4,228,,,,0.729532870981428,0.528570684446297
lunar-sweep-2,vit,cosine,bal_acc,0.225483564489478,0.465364120781528,0.523980362537764,102,229,72,160,,,,0.900382495588727,0.523980362537764
legendary-sweep-3,vit,plateau,youden,0.19702418251534,0.426287744227353,0.505638608188353,18,313,10,222,,,,0.901096754603916,0.505638608188353
