val/dice,calibration_method,dropout_rate,lr,val/cls_confmat_00,lr_scheduler,architecture,val/multi,Name,val/loss,val/acc,val/cls_confmat_11,train/lr,val/cls_confmat_01,val/iou,val/auc,opt/lr,val/cls_confmat_10,effective_lr
,f1,0.216197756381666,3.57491318799e-05,297,cosine,vit,,rosy-sweep-23,0.635577178663678,0.651865008880995,70,5.51013214581381e-08,34,,0.735571413688926,0.0,162,3.57491318799e-05
,f1,0.226647318268469,0.0001210157560671,230,cosine,vit,,fancy-sweep-22,0.632156643602583,0.676731793960924,151,1.8652559449413e-07,101,,0.734347327846651,0.0,81,0.0001210157560671
,bal_acc,0.208243980017416,0.000296078842628,256,warmcos,vit,,graceful-sweep-21,0.650791638427311,0.619893428063943,93,4.56356130252078e-07,75,,0.667335139076987,0.0,139,0.000296078842628
,f1,0.186392348917268,3.04565333036e-05,244,warmcos,vit,,dainty-sweep-20,0.631761809190114,0.641207815275311,117,4.69436639104394e-08,87,,0.692689342639859,0.0,115,3.04565333036e-05
,bal_acc,0.204610773582174,4.59792358641e-05,252,cosine,vit,,hearty-sweep-19,0.634232627020942,0.671403197158082,126,7.08693196875037e-08,79,,0.724697885196375,0.0,106,4.59792358641e-05
,f1,0.182447383632924,3.67055937545e-05,200,warmcos,vit,,visionary-sweep-18,0.630709403091007,0.634103019538188,157,5.65755478363393e-08,131,,0.710503698301906,0.0,75,3.67055937545e-05
,bal_acc,0.219530283095105,0.0001718148284321,205,cosine,vit,,expert-sweep-17,0.581091983450784,0.683836589698046,180,2.64823887878108e-07,126,,0.76647307011147,0.0,52,0.0001718148284321
,bal_acc,0.215057428307335,0.0003619346809016,186,cosine,vit,,fiery-sweep-16,0.638511134518517,0.644760213143872,177,5.57861915813251e-07,145,,0.690931347015314,0.0,55,0.0003619346809016
,f1,0.209275431952675,9.01461544299e-05,235,cosine,vit,,lilac-sweep-15,0.640910218159358,0.664298401420959,139,1.38945254674681e-07,96,,0.736977810188561,0.0,93,9.01461544299e-05
,f1,0.221853799199827,0.0001438892666604,236,warmcos,vit,,mild-sweep-14,0.632751605576939,0.690941385435169,153,2.21781294249596e-07,95,,0.756367850817794,0.0,79,0.0001438892666604
,bal_acc,0.227751782825344,0.0001503702494885,223,plateau,vit,,stellar-sweep-13,0.680411762661404,0.609236234458259,120,3.75925623721e-05,108,,0.631380873007605,3.75925623721e-05,112,0.0001503702494885
,bal_acc,0.23331136359254,0.0003511763023393,243,plateau,vit,,laced-sweep-12,0.669683900144365,0.587921847246892,88,0.0001755881511696,88,,0.614191582456506,0.0001755881511696,144,0.0003511763023393
,bal_acc,0.204367394138009,0.0002165963919842,94,plateau,vit,,stilted-sweep-11,0.680854956309001,0.538188277087034,209,0.0001082981959921,237,,0.628854568184186,0.0001082981959921,23,0.0002165963919842
,f1,0.233538363934889,0.0003605021758091,214,warmcos,vit,,denim-sweep-10,0.676546467675103,0.575488454706927,110,6.15648851293524e-07,117,,0.633620689655173,0.0,122,0.0003605021758091
,bal_acc,0.180954019416527,0.0007351426572318,211,cosine,vit,,solar-sweep-9,0.623628523614672,0.642984014209592,151,1.1330997353e-06,120,,0.697767996666319,0.0,81,0.0007351426572318
,f1,0.205938687971164,0.0002390852761883,241,cosine,vit,,honest-sweep-8,0.668906248278088,0.595026642984014,94,3.68510057905829e-07,90,,0.638022189811439,0.0,138,0.0002390852761883
,f1,0.202181853334573,0.000352126234046,234,cosine,vit,,giddy-sweep-7,0.610294075475799,0.664298401420959,140,5.4274383168718e-07,97,,0.736248567559121,0.0,92,0.000352126234046
,f1,0.197255362067882,0.0001254647344349,283,warmcos,vit,,divine-sweep-6,0.674829237990909,0.596802841918295,53,2.14262838939443e-07,48,,0.622017918533181,0.0,179,0.0001254647344349
,f1,0.227272660564332,4.60825998633e-05,250,warmcos,vit,,deft-sweep-5,0.680818319320679,0.580817051509769,77,7.86977210520071e-08,81,,0.609373372226274,0.0,155,4.60825998633e-05
,f1,0.205478118645647,0.0001302562950864,223,plateau,vit,,dulcet-sweep-4,0.670001877678765,0.674955595026643,157,0.0001302562950864,108,,0.744100948015418,0.0001302562950864,75,0.0001302562950864
,f1,0.185914618318916,0.0006103280858808,214,warmcos,vit,,swept-sweep-3,0.66094931628969,0.579040852575488,112,9.40718901034789e-07,117,,0.618514949473903,0.0,120,0.0006103280858808
,bal_acc,0.232884956731443,3.10025055955e-05,213,warmcos,vit,,light-sweep-2,0.623017099168566,0.653641207815275,155,4.77851890939044e-08,118,,0.71279560370872,0.0,77,3.10025055955e-05
,bal_acc,0.198000581832995,4.79949053131e-05,193,warmcos,vit,,glamorous-sweep-1,0.629641698466407,0.630550621669627,162,7.39761377952301e-08,138,,0.713733201375143,0.0,70,4.79949053131e-05
,f1,0.232816038502483,0.0002763742073983,288,cosine,vit,,floral-sweep-6,0.676277736822764,0.570159857904085,33,4.25984723090206e-07,43,,0.590920929263465,0.0,199,0.0002763742073983
,bal_acc,0.222165514344511,0.0001491151529508,188,plateau,vit,,sage-sweep-5,0.633717344866859,0.621669626998224,162,7.45575764754e-05,143,,0.667491405354724,7.45575764754e-05,70,0.0001491151529508
,f1,0.22428104986082,0.0002411867506971,243,warmcos,vit,,rare-sweep-4,0.677522626188066,0.568383658969805,77,4.34439016388728e-07,88,,0.603669653088863,0.0,155,0.0002411867506971
,bal_acc,0.237344389885771,5.92164862478e-05,126,cosine,vit,,pious-sweep-3,0.66604161924786,0.55595026642984,187,9.12723322994769e-08,205,,0.676932492968017,0.0,45,5.92164862478e-05
,f1,0.186397682682708,0.0002924768377296,277,warmcos,vit,,zany-sweep-2,0.688962161540985,0.58259325044405,51,4.50804240755268e-07,54,,0.581551463694135,0.0,181,0.0002924768377296
,f1,0.182218071029398,0.0001167940236327,191,warmcos,vit,,wild-sweep-1,0.625533560911814,0.634103019538188,166,1.9945540224834e-07,140,,0.705294822377331,0.0,66,0.0001167940236327
,bal_acc,0.190779944956678,4.23320420821e-05,273,plateau,vit,,valiant-sweep-5,0.65273521343867,0.616341030195382,74,4.23320420821e-05,58,,0.647489321804355,4.23320420821e-05,158,4.23320420821e-05
,bal_acc,0.225483564489478,0.0001341531995923,102,cosine,vit,,lunar-sweep-2,0.900382495588727,0.465364120781528,160,2.06774771488181e-07,229,,0.523980362537764,0.0,72,0.0001341531995923
,bal_acc,0.212306840900064,3.05327256723e-05,244,plateau,vit,,sleek-sweep-1,0.63484130303065,0.644760213143872,119,1.52663628361e-05,87,,0.677609646838212,1.52663628361e-05,113,3.05327256723e-05
,bal_acc,0.181766404077378,4.08424386468e-05,221,plateau,vit,,true-sweep-2,0.618767112493515,0.644760213143872,142,4.08424386468e-05,110,,0.704448380039588,4.08424386468e-05,90,4.08424386468e-05
,youden,0.180466078892742,4.96915370058e-05,316,cosine,vit,,toasty-sweep-16,0.664238221115536,0.589698046181172,16,4.96915370058e-05,15,,0.659912490884467,4.96915370058e-05,216,4.96915370058e-05
,rate_match,0.189446960882709,3.08636012496e-05,302,none,vit,,copper-sweep-15,0.691989190048642,0.628774422735346,52,3.08636012496e-05,29,,0.638282633607667,3.08636012496e-05,180,3.08636012496e-05
,youden,0.19214302821636,5.01455014449e-05,112,cosine,vit,,honest-sweep-8,0.71363553735945,0.561278863232682,203,5.01455014449e-05,219,,0.653726950724034,5.01455014449e-05,29,5.01455014449e-05
,rate_match,0.183535462241631,4.42474431636e-05,155,warmcos,vit,,graceful-sweep-6,0.636706948280335,0.626998223801066,201,4.42474431636e-05,176,,0.732315866236066,4.42474431636e-05,31,4.42474431636e-05
,f1,0.181350369258154,4.79913757192e-05,97,none,vit,,wild-sweep-2,0.633598864078522,0.619893428063943,216,4.79913757192e-05,234,,0.680500572976352,4.79913757192e-05,16,4.79913757192e-05
,youden,0.185721571718768,5.99435278255e-05,141,none,vit,,dainty-sweep-2,0.697156157758501,0.570159857904085,180,5.99435278255e-05,190,,0.628294614022294,5.99435278255e-05,52,5.99435278255e-05
,rate_match,0.198421946221126,5.0711362064e-05,137,cosine,vit,,likely-sweep-5,0.623032636112637,0.63943161634103,206,5.0711362064e-05,194,,0.72605870403167,5.0711362064e-05,26,5.0711362064e-05
,rate_match,0.21502181348016,5.04081032008e-05,160,none,vit,,fiery-sweep-2,0.64113939470715,0.630550621669627,189,5.04081032008e-05,171,,0.681848369621836,5.04081032008e-05,43,5.04081032008e-05
,rate_match,0.197359079834955,0.0002125270474247,11,warmcos,vit,,glowing-sweep-1,0.729532870981428,0.587921847246892,228,0.0002125270474247,320,,0.528570684446297,0.0002125270474247,4,0.0002125270474247
,youden,0.236171402456032,5.44060807627e-05,136,warmcos,vit,,lyric-sweep-1,0.704009122318692,0.58436944937833,193,5.44060807627e-05,195,,0.687962287738306,5.44060807627e-05,39,5.44060807627e-05
,f1,0.182691655639445,7.46852588894e-05,190,plateau,vit,,whole-sweep-8,0.624328043725756,0.664298401420959,180,7.46852588894e-05,141,,0.719502031461611,7.46852588894e-05,52,7.46852588894e-05
,f1,0.238392323078625,5.2861592721e-05,163,warmcos,vit,,comic-sweep-1,0.67804831928677,0.571936056838366,159,5.2861592721e-05,168,,0.629479633295135,5.2861592721e-05,73,5.2861592721e-05
,f1,0.223511877639208,0.0001274637348225,296,plateau,vit,,ancient-sweep-1,0.663679348097907,0.618117229129663,52,0.0001274637348225,35,,0.615467757058027,0.0001274637348225,180,0.0001274637348225
,rate_match,0.217044246585776,0.0002093330922582,234,none,vit,,lyric-sweep-8,0.685843808783425,0.579040852575488,92,0.0002093330922582,97,,0.574512970101052,0.0002093330922582,140,0.0002093330922582
,f1,0.196517663771662,7.89787141572e-05,188,cosine,vit,,earnest-sweep-4,0.71612337562773,0.566607460035524,131,1.21732508966716e-07,143,,0.597874778622773,0.0,101,7.89787141572e-05
,f1,0.199062408418857,0.0001488562245665,200,warmcos,vit,,apricot-sweep-5,0.659349103768667,0.609236234458259,143,2.68128127258561e-07,131,,0.659417647671633,0.0,89,0.0001488562245665
,youden,0.19702418251534,0.0001678533958106,18,plateau,vit,,legendary-sweep-3,0.901096754603916,0.426287744227353,222,1.02449582403951e-08,313,,0.505638608188353,1.02449582403951e-08,10,0.0001678533958106
,rate_match,0.230055417271507,3.24406825108e-05,200,none,vit,,pious-sweep-4,0.644393917587068,0.641207815275311,161,3.24406825108e-05,131,,0.695410980310449,3.24406825108e-05,71,3.24406825108e-05
,f1,0.204023975698501,4.02779738032e-05,144,none,vit,,resilient-sweep-2,0.680797013971541,0.598579040852576,193,4.02779738032e-05,187,,0.710321387644546,4.02779738032e-05,39,4.02779738032e-05
,youden,0.202547859601054,7.76539089009e-05,198,cosine,vit,,silvery-sweep-1,0.672869331306881,0.605683836589698,143,1.19690542729865e-07,133,,0.642449734347328,0.0,89,7.76539089009e-05
,youden,0.216278584284248,0.0004379207375891,156,plateau,vit,,prime-sweep-8,0.900584853357739,0.557726465364121,158,8.61959387796636e-09,175,,0.559381185540161,8.61959387796636e-09,74,0.0004379207375891
,rate_match,0.211784196948816,5.63229745905e-05,153,cosine,vit,,vocal-sweep-4,0.901095973120795,0.52753108348135,144,8.68124669100409e-08,178,,0.538454526513179,0.0,88,5.63229745905e-05
,youden,0.204056103876588,0.0005572245455091,210,warmcos,vit,,silvery-sweep-2,0.680829034911262,0.614564831261101,136,8.5886865475708e-07,121,,0.61721273049276,0.0,96,0.0005572245455091
,f1,0.182811029099499,0.0003445112357819,193,warmcos,vit,,robust-sweep-1,0.673852635754479,0.587921847246892,138,5.31006582551732e-07,138,,0.620546411084488,0.0,94,0.0003445112357819
,f1,0.236420037909865,3.38679097698e-05,187,cosine,vit,,super-sweep-30,0.663995378547245,0.612788632326821,158,5.22017314884208e-08,144,,0.663584748411293,0.0,74,3.38679097698e-05
,rate_match,0.22924409930822,4.61681425758e-05,218,cosine,vit,,fluent-sweep-7,0.686947796079848,0.593250444049734,116,7.11604878613382e-08,113,,0.605076049588499,0.0,116,4.61681425758e-05
,youden,0.211369047800769,3.42092928169e-05,232,cosine,vit,,drawn-sweep-5,0.641539772351583,0.678507992895204,150,5.27279164901049e-08,99,,0.72076518387332,0.0,82,3.42092928169e-05
,rate_match,0.223979787379673,3.28643163134e-05,206,none,vit,,clean-sweep-1,0.66877547899882,0.623445825932504,145,3.28643163134e-05,125,,0.647424210855297,3.28643163134e-05,87,3.28643163134e-05
,rate_match,0.213361235111221,3.28587941286e-05,219,warmcos,vit,,vague-sweep-2,0.688839938905504,0.587921847246892,112,5.91870911635987e-08,112,,0.594189498906136,0.0,120,3.28587941286e-05
,rate_match,,0.0001711896658819,245,warmcos,densenet,,crisp-sweep-24,0.830582042535146,0.74955595026643,177,3.08356366370422e-07,86,,0.834396812167934,0.0,55,0.0001711896658819
,youden,,0.0001420568087114,243,none,densenet,,super-sweep-23,0.936393949720595,0.719360568383659,162,0.0001420568087114,88,,0.808430565683926,0.0001420568087114,70,0.0001420568087114
,youden,,0.0001196026173084,269,warmcos,densenet,,volcanic-sweep-22,0.921710934903887,0.763765541740675,161,2.15434899598687e-07,62,,0.823887904990103,0.0,71,0.0001196026173084
,rate_match,,0.000214896856481,271,warmcos,densenet,,easy-sweep-21,0.76116547981898,0.765541740674956,160,3.87084193824068e-07,60,,0.849411397020523,0.0,72,0.000214896856481
,youden,,8.94698855082e-05,247,plateau,densenet,,valiant-sweep-20,0.519584751791424,0.74955595026643,175,5.8701191881982e-09,84,,0.835204187936243,5.8701191881982e-09,57,8.94698855082e-05
,youden,,7.7887440138e-05,251,plateau,densenet,,different-sweep-19,0.532326926787694,0.744227353463588,168,5.1101949474606e-09,80,,0.814746327742473,5.1101949474606e-09,64,7.7887440138e-05
,f1,,0.0001051876916416,226,plateau,densenet,,apricot-sweep-18,0.529247085253398,0.726465364120782,183,6.90136444860845e-09,105,,0.821752265861027,6.90136444860845e-09,49,0.0001051876916416
,f1,,0.0002184652250391,254,warmcos,densenet,,exalted-sweep-17,0.82156554195616,0.744227353463588,165,3.9351173813154e-07,77,,0.832508594645276,0.0,67,0.0002184652250391
,youden,,0.0001261653609652,236,plateau,densenet,,clean-sweep-16,0.56614265176985,0.701598579040853,159,1.54010450397013e-08,95,,0.791019897906032,1.54010450397013e-08,73,0.0001261653609652
,youden,,4.7141879554e-05,263,none,densenet,,snowy-sweep-15,0.849693887763553,0.735346358792185,151,4.7141879554e-05,68,,0.795512553390978,4.7141879554e-05,81,4.7141879554e-05
,rate_match,,0.0001637875327718,270,plateau,densenet,,pleasant-sweep-14,0.534002007709609,0.781527531083481,170,1.07461000251637e-08,61,,0.84377278883217,1.07461000251637e-08,62,0.0001637875327718
,youden,,0.0002611976110553,256,warmcos,densenet,,effortless-sweep-13,0.770389750599861,0.765541740674956,175,4.02592532293933e-07,75,,0.847809667673716,0.0,57,0.0002611976110553
,youden,,0.0002983143515071,255,plateau,densenet,,glowing-sweep-12,0.558821883466509,0.703374777975133,141,1.82076630558555e-08,76,,0.78548546723617,1.82076630558555e-08,91,0.0002983143515071
,youden,,0.0002790684287965,262,plateau,densenet,,honest-sweep-11,0.526904304822286,0.746003552397869,158,5.492903884002821e-09,69,,0.834461923116991,5.492903884002821e-09,74,0.0002790684287965
,f1,,0.0001826524852417,267,warmcos,densenet,,robust-sweep-10,0.786559181080924,0.763765541740675,163,3.11925420346195e-07,64,,0.848864465048443,0.0,69,0.0001826524852417
,f1,,0.0001502417730369,258,warmcos,densenet,,crisp-sweep-9,0.786606722407871,0.754884547069272,167,2.70623854378347e-07,73,,0.840204708823836,0.0,65,0.0001502417730369
,youden,,0.0002078040485631,264,warmcos,densenet,,glamorous-sweep-8,0.751944967442089,0.760213143872114,164,3.54878090554918e-07,67,,0.852054901552245,0.0,68,0.0002078040485631
,youden,,0.0002098476358603,249,plateau,densenet,,iconic-sweep-7,0.540743397341834,0.742451154529307,169,1.37681033888002e-08,82,,0.835451609542661,1.37681033888002e-08,63,0.0002098476358603
,youden,,0.0002248893212599,270,cosine,densenet,,worldly-sweep-6,0.852522280481127,0.758436944937833,157,3.46629362213863e-07,61,,0.830789665590166,0.0,75,0.0002248893212599
,rate_match,,7.27599945566e-05,261,cosine,densenet,,confused-sweep-5,0.773755058646202,0.753108348134991,163,1.12147390398798e-07,70,,0.82947442441921,0.0,69,7.27599945566e-05
,rate_match,,5.00392710757e-05,261,warmcos,densenet,,pretty-sweep-4,0.722517861260308,0.747779751332149,160,7.71271864820836e-08,70,,0.833654547348682,0.0,72,5.00392710757e-05
,youden,,0.0001341552225262,271,plateau,densenet,,misunderstood-sweep-3,0.538358093963729,0.756660746003552,155,1.63763699372901e-08,60,,0.842991457443484,1.63763699372901e-08,77,0.0001341552225262
,f1,,4.67848502087e-05,287,none,densenet,,golden-sweep-2,0.961806913216909,0.715808170515098,116,4.67848502087e-05,44,,0.773010209396812,4.67848502087e-05,116,4.67848502087e-05
,youden,,0.0002847415720641,262,cosine,densenet,,sandy-sweep-1,0.700286785761515,0.737122557726465,153,4.38881619489171e-07,69,,0.820098447754975,0.0,79,0.0002847415720641
,rate_match,0.182912067310217,5.54394857863e-05,260,cosine,densenet,,breezy-sweep-2,0.755688314636548,0.730017761989343,151,8.54507163432265e-08,71,,0.806880925096364,0.0,81,5.54394857863e-05
,f1,,5.25900133244e-05,249,none,densenet,,skilled-sweep-2,0.646966718965107,0.74955595026643,173,5.25900133244e-05,82,,0.833875924575477,5.25900133244e-05,59,5.25900133244e-05
,youden,,6.39163445384e-05,256,cosine,densenet,,zesty-sweep-1,0.615986300839318,0.754884547069272,169,9.85163796052559e-08,75,,0.850622460672987,0.0,63,6.39163445384e-05
,f1,0.196567125686653,0.0001807624873707,259,cosine,densenet,,sandy-sweep-2,0.737820035881466,0.731793960923624,153,2.78615211066792e-07,72,,0.825190123971247,0.0,79,0.0001807624873707
,f1,0.216471716745695,7.86905571351e-05,162,warmcos,simple_cnn,,radiant-sweep-1,0.685376574595769,0.575488454706927,162,1.34384074102156e-07,169,,0.606912178351912,0.0,70,7.86905571351e-05
,bal_acc,0.233805027887055,0.0001496239102983,185,warmcos,simple_cnn,,fancy-sweep-2,0.686320530043708,0.557726465364121,129,2.695109255809e-07,146,,0.577911761641838,0.0,103,0.0001496239102983
,f1,0.235328842226173,0.0002687859434998,212,warmcos,simple_cnn,,stellar-sweep-1,0.677394125196669,0.616341030195382,135,4.59020134866263e-07,119,,0.617342952390874,0.0,97,0.0002687859434998
,bal_acc,0.180035676937351,0.0001752409783458,191,warmcos,simple_cnn,,clear-sweep-7,0.688346568081114,0.566607460035524,128,2.99268393529197e-07,140,,0.576023544119179,0.0,104,0.0001752409783458
,bal_acc,0.181175358636892,0.0001997133701291,192,warmcos,simple_cnn,,fresh-sweep-6,0.689568261305491,0.550621669626998,118,3.4106120616882e-07,139,,0.564017085113033,0.0,114,0.0001997133701291
,bal_acc,0.202783071168984,0.0002598636126111,188,warmcos,simple_cnn,,neat-sweep-5,0.687904768519931,0.557726465364121,126,4.43782993092691e-07,143,,0.578341493905615,0.0,106,0.0002598636126111
,bal_acc,0.239583286722861,5.38627075034e-05,131,warmcos,simple_cnn,,zany-sweep-4,0.691600190268623,0.511545293072824,157,9.19842270788108e-08,200,,0.545538597770601,0.0,75,5.38627075034e-05
,f1,0.188987450457076,8.046533162e-05,190,warmcos,simple_cnn,,sparkling-sweep-3,0.691501286294725,0.532859680284192,110,1.44938639545344e-07,141,,0.544574955724555,0.0,122,8.046533162e-05
,bal_acc,0.183012200252283,0.000284334270584,196,warmcos,simple_cnn,,happy-sweep-2,0.684812131855223,0.587921847246892,135,4.85572844811665e-07,135,,0.590087509115533,0.0,97,0.000284334270584
,bal_acc,0.205333018605067,0.0001011260581647,179,warmcos,simple_cnn,,dainty-sweep-1,0.689823723501629,0.538188277087034,124,1.82153891593829e-07,152,,0.564147307011147,0.0,108,0.0001011260581647
,bal_acc,0.192866939537128,0.0002904034712036,183,warmcos,simple_cnn,,breezy-sweep-1,0.677793992890252,0.589698046181172,149,4.95937543391676e-07,148,,0.612902385665173,0.0,83,0.0002904034712036
,bal_acc,0.223705303136163,6.74439634217e-05,147,warmcos,simple_cnn,,breezy-sweep-9,0.687849187188678,0.552397868561279,164,1.21483825482189e-07,184,,0.590321908532139,0.0,68,6.74439634217e-05
,bal_acc,0.180557487433363,0.0001752110859908,189,warmcos,simple_cnn,,crimson-sweep-8,0.684291481971741,0.602131438721137,150,3.15599972379278e-07,142,,0.599736951765809,0.0,82,0.0001752110859908
,f1,0.220211953143398,0.0001643894078624,183,warmcos,simple_cnn,,toasty-sweep-4,0.689800381660461,0.538188277087034,120,2.80736586091795e-07,148,,0.564564017085113,0.0,112,0.0001643894078624
,f1,0.1815919887955,0.000243132376705,182,warmcos,simple_cnn,,smart-sweep-7,0.681394636631012,0.591474245115453,151,4.15210166470519e-07,149,,0.607328888425878,0.0,81,0.000243132376705
,bal_acc,0.198461632349319,0.0002961669284661,187,warmcos,simple_cnn,,skilled-sweep-6,0.678303493393792,0.596802841918295,149,5.33472376561984e-07,144,,0.611196478799875,0.0,83,0.0002961669284661
,f1,0.235377346801614,0.0002168293928732,189,warmcos,simple_cnn,,sandy-sweep-3,0.689493437608083,0.545293072824156,118,3.70291153859131e-07,142,,0.569030628190437,0.0,114,0.0002168293928732
,f1,0.223368794915214,0.0001058613209181,182,warmcos,simple_cnn,,super-sweep-5,0.684764769342211,0.600355239786856,156,1.90683310755478e-07,149,,0.598252422127305,0.0,76,0.0001058613209181
,f1,0.228988292493148,0.0001580564512504,176,warmcos,simple_cnn,,laced-sweep-4,0.682523532046212,0.587921847246892,155,2.69921457293468e-07,155,,0.604880716741327,0.0,77,0.0001580564512504
,f1,0.216927194117389,0.000173629986891,187,warmcos,simple_cnn,,eager-sweep-2,0.690004626909892,0.541740674955595,118,2.96517217239172e-07,144,,0.56408219606209,0.0,114,0.000173629986891
,bal_acc,0.200454208699548,0.0001012666818698,171,warmcos,simple_cnn,,ethereal-sweep-3,0.68540812532107,0.58436944937833,158,1.72938530058854e-07,160,,0.598096155849568,0.0,74,0.0001012666818698
,f1,0.200579879654409,6.8380949836e-05,32,warmcos,simple_cnn,,gallant-sweep-2,0.690905054410299,0.429840142095915,210,1.23171577628628e-07,299,,0.590907907073654,0.0,22,6.8380949836e-05
,f1,0.203574738490587,0.0001074456927081,177,warmcos,simple_cnn,,brisk-sweep-1,0.684734635882907,0.595026642984014,158,1.83490757424018e-07,154,,0.600075528700906,0.0,74,0.0001074456927081
,bal_acc,0.190897281303083,5.68279964846e-05,94,warmcos,simple_cnn,,earthy-sweep-1,0.692479974693722,0.468916518650089,170,9.7048209705084e-08,237,,0.541358474841129,0.0,62,5.68279964846e-05
,bal_acc,0.225273208949651,0.0001271834881017,183,warmcos,simple_cnn,,rosy-sweep-30,0.683751033412086,0.58436944937833,146,0.0001271834881017,148,,0.603630586519429,0.0001271834881017,86,0.0001271834881017
,bal_acc,0.219703549750002,4.85166544459e-05,172,warmcos,simple_cnn,,sweepy-sweep-3,0.690802094009188,0.539964476021314,132,4.85166544459e-05,159,,0.56254557766434,4.85166544459e-05,100,4.85166544459e-05
,f1,0.209348774522867,4.71288378205e-05,172,warmcos,simple_cnn,,vital-sweep-2,0.690887361764908,0.538188277087034,131,4.71288378205e-05,159,,0.563600375039067,4.71288378205e-05,101,4.71288378205e-05
,bal_acc,0.232127174256242,6.42549876167e-05,152,warmcos,simple_cnn,,smart-sweep-1,0.693739732106527,0.536412078152753,150,6.42549876167e-05,179,,0.557942233565996,6.42549876167e-05,82,6.42549876167e-05
,bal_acc,0.233835160045405,0.0001928211483069,200,none,simple_cnn,,sparkling-sweep-24,0.675541539986928,0.596802841918295,136,0.0001928211483069,131,,0.60988123762892,0.0001928211483069,96,0.0001928211483069
,f1,0.234888716143838,0.0002067065236605,209,none,simple_cnn,,fast-sweep-23,0.665534191661411,0.602131438721137,130,0.0002067065236605,122,,0.632461714761955,0.0002067065236605,102,0.0002067065236605
,rate_match,0.204140002071384,0.0002906686226539,231,cosine,simple_cnn,,happy-sweep-17,0.660320474041833,0.641207815275311,130,0.0002906686226539,100,,0.66772580477133,0.0002906686226539,102,0.0002906686226539
,f1,0.226706832786932,0.0002240006115129,232,none,simple_cnn,,major-sweep-22,0.667585670948029,0.616341030195382,115,0.0002240006115129,99,,0.629023856651734,0.0002240006115129,117,0.0002240006115129
,bal_acc,0.230537606190547,0.0002354451306422,205,none,simple_cnn,,apricot-sweep-21,0.661703579955631,0.612788632326821,140,0.0002354451306422,126,,0.642059068652985,0.0002354451306422,92,0.0002354451306422
,f1,0.218973831440417,0.0001773260805967,209,warmcos,simple_cnn,,jolly-sweep-20,0.676970693800185,0.603907637655417,131,0.0001773260805967,122,,0.597744556724659,0.0001773260805967,101,0.0001773260805967
,rate_match,0.199241908339711,0.0002143744832187,230,plateau,simple_cnn,,apricot-sweep-16,0.667141523626116,0.63765541740675,129,0.0002143744832187,101,,0.647710699031149,0.0002143744832187,103,0.0002143744832187
,bal_acc,0.230873322365352,3.90755499446e-05,21,cosine,simple_cnn,,likely-sweep-19,0.694597933027479,0.419182948490231,215,3.90755499446e-05,310,,0.586272007500781,3.90755499446e-05,17,3.90755499446e-05
,f1,0.225697519544248,0.0002394328136485,203,cosine,simple_cnn,,rich-sweep-18,0.66190869278378,0.598579040852576,134,0.0002394328136485,128,,0.639780185435983,0.0002394328136485,98,0.0002394328136485
,f1,0.206352468376145,0.0001281109329372,230,plateau,simple_cnn,,astral-sweep-15,0.676313701603148,0.616341030195382,117,0.0001281109329372,101,,0.616014689030107,0.0001281109329372,115,0.0001281109329372
,f1,0.216562820242598,6.33382297699e-05,208,cosine,simple_cnn,,flowing-sweep-17,0.679481638802422,0.607460035523979,134,6.33382297699e-05,123,,0.601755391186582,6.33382297699e-05,98,6.33382297699e-05
,bal_acc,0.198860174041339,9.5021640224e-05,211,warmcos,simple_cnn,,denim-sweep-16,0.676621817880207,0.605683836589698,130,9.5021640224e-05,120,,0.604854672361704,9.5021640224e-05,102,9.5021640224e-05
,f1,0.23934008357965,0.0001788735727919,215,warmcos,simple_cnn,,dauntless-sweep-15,0.675099680821101,0.609236234458259,128,0.0001788735727919,116,,0.601768413376393,0.0001788735727919,104,0.0001788735727919
,rate_match,0.22744202229007,0.0002026927908948,235,plateau,simple_cnn,,lucky-sweep-14,0.670644409126706,0.609236234458259,108,0.0002026927908948,96,,0.622421606417335,0.0002026927908948,124,0.0002026927908948
,bal_acc,0.200394747357539,5.24809158587e-05,212,none,simple_cnn,,woven-sweep-14,0.679407162798776,0.607460035523979,130,5.24809158587e-05,119,,0.601234503594124,5.24809158587e-05,102,5.24809158587e-05
,youden,0.200204255382179,0.0002729860277438,230,plateau,simple_cnn,,misty-sweep-13,0.661669125159582,0.642984014209592,132,0.0002729860277438,101,,0.660068757162204,0.0002729860277438,100,0.0002729860277438
,f1,0.237620290705362,0.0001759587854947,207,warmcos,simple_cnn,,serene-sweep-10,0.668023775021235,0.600355239786856,131,0.0001759587854947,124,,0.62445306802792,0.0001759587854947,101,0.0001759587854947
,bal_acc,0.212234893226098,7.86430649317e-05,211,cosine,simple_cnn,,ethereal-sweep-8,0.677382038699256,0.605683836589698,130,7.86430649317e-05,120,,0.60327898739452,7.86430649317e-05,102,7.86430649317e-05
,youden,0.21131018913645,0.0001766881893661,229,none,simple_cnn,,wandering-sweep-12,0.67190169956949,0.628774422735346,125,0.0001766881893661,102,,0.636967392436712,0.0001766881893661,107,0.0001766881893661
,rate_match,0.193446576825257,0.0002224352871971,227,warmcos,simple_cnn,,fanciful-sweep-11,0.665417260593838,0.635879218472469,131,0.0002224352871971,104,,0.653792061673091,0.0002224352871971,101,0.0002224352871971
,bal_acc,0.219760205145655,6.24144979124e-05,229,warmcos,simple_cnn,,radiant-sweep-1,0.678122636344698,0.614564831261101,117,6.24144979124e-05,102,,0.603122721116783,6.24144979124e-05,115,6.24144979124e-05
,rate_match,0.190141030712926,0.0002789519768773,233,warmcos,simple_cnn,,ethereal-sweep-10,0.661339620749156,0.651865008880995,134,0.0002789519768773,98,,0.662256485050526,0.0002789519768773,98,0.0002789519768773
,f1,0.195122380164409,0.0002136331572818,234,warmcos,simple_cnn,,cool-sweep-9,0.668162481652366,0.644760213143872,129,0.0002136331572818,97,,0.644142619022815,0.0002136331572818,103,0.0002136331572818
,youden,0.186344427986926,0.0002426929032855,237,cosine,simple_cnn,,lucky-sweep-8,0.667190849781036,0.623445825932504,114,0.0002426929032855,94,,0.634896864256693,0.0002426929032855,118,0.0002426929032855
,youden,0.188836924311066,0.0001782456619899,213,plateau,simple_cnn,,rich-sweep-6,0.667491674423218,0.614564831261101,133,0.0001782456619899,118,,0.641772580477133,0.0001782456619899,99,0.0001782456619899
,rate_match,0.190327990308648,0.0001800626872924,209,warmcos,simple_cnn,,stilted-sweep-5,0.668259104092916,0.618117229129663,139,0.0001800626872924,122,,0.645483904573393,0.0001800626872924,93,0.0001800626872924
,youden,0.228935267937439,0.0001944441099952,231,warmcos,simple_cnn,,helpful-sweep-7,0.668484810325835,0.63765541740675,128,0.0001944441099952,100,,0.643074799458277,0.0001944441099952,104,0.0001944441099952
,youden,0.188188770649153,0.0002874356357452,212,plateau,simple_cnn,,desert-sweep-4,0.659793161683612,0.619893428063943,137,0.0002874356357452,119,,0.657464319199917,0.0002874356357452,95,0.0002874356357452
,youden,0.228331318967977,4.69449719808e-05,208,none,simple_cnn,,sparkling-sweep-3,0.688020136621263,0.595026642984014,127,4.69449719808e-05,123,,0.592171059485363,4.69449719808e-05,105,4.69449719808e-05
,youden,0.193994834517069,0.0002368947980079,236,plateau,simple_cnn,,colorful-sweep-6,0.67575208346049,0.58259325044405,92,0.0002368947980079,95,,0.605831336597562,0.0002368947980079,140,0.0002368947980079
,f1,0.238226000340197,5.80388384326e-05,205,none,simple_cnn,,fine-sweep-2,0.68699261214998,0.587921847246892,126,5.80388384326e-05,126,,0.597705490155225,5.80388384326e-05,106,5.80388384326e-05
,f1,0.198895348921369,0.000184620871183,213,warmcos,simple_cnn,,zany-sweep-1,0.666360567013423,0.612788632326821,132,0.000184620871183,118,,0.646642879466611,0.000184620871183,100,0.000184620871183
,youden,0.193750245274816,0.0002748028590185,237,plateau,simple_cnn,,confused-sweep-5,0.666428705056508,0.626998223801066,116,0.0002748028590185,94,,0.63803521200125,0.0002748028590185,116,0.0002748028590185
,f1,0.208135633431519,0.0002299019208639,227,none,simple_cnn,,lucky-sweep-8,0.668917609585656,0.609236234458259,116,0.0002299019208639,104,,0.63052140848005,0.0002299019208639,116,0.0002299019208639
,rate_match,0.193129124109694,6.78031340481e-05,234,cosine,simple_cnn,,volcanic-sweep-4,0.684780399004618,0.557726465364121,80,6.78031340481e-05,97,,0.575639389519742,6.78031340481e-05,152,6.78031340481e-05
,f1,0.211799393131922,0.0002476492451552,199,warmcos,simple_cnn,,iconic-sweep-7,0.664970202578439,0.609236234458259,144,0.0002476492451552,132,,0.652554953641004,0.0002476492451552,88,0.0002476492451552
,youden,0.210853794642957,0.0002218832955396,206,warmcos,simple_cnn,,revived-sweep-6,0.666326108906004,0.618117229129663,142,0.0002218832955396,125,,0.649716116262111,0.0002218832955396,90,0.0002218832955396
,f1,0.196275705527056,3.76805962371e-05,232,none,simple_cnn,,solar-sweep-3,0.685676376024882,0.573712255772647,91,3.76805962371e-05,99,,0.573887904990103,3.76805962371e-05,141,3.76805962371e-05
,rate_match,0.202036297700828,0.000143765672932,219,warmcos,simple_cnn,,upbeat-sweep-5,0.670097466972139,0.614564831261101,127,0.000143765672932,112,,0.635547973747265,0.000143765672932,105,0.000143765672932
,youden,0.210363146376356,3.47812982745e-05,190,cosine,simple_cnn,,warm-sweep-4,0.690490086873372,0.579040852575488,136,3.47812982745e-05,141,,0.587404938014377,3.47812982745e-05,96,3.47812982745e-05
,youden,0.239179037512641,5.41866097337e-05,221,warmcos,simple_cnn,,daily-sweep-2,0.688808679580689,0.55417406749556,91,5.41866097337e-05,110,,0.558430565683926,5.41866097337e-05,141,5.41866097337e-05
,rate_match,0.208355199016451,8.47457875537e-05,210,plateau,simple_cnn,,warm-sweep-3,0.68071836233139,0.616341030195382,137,8.47457875537e-05,121,,0.610818835295343,8.47457875537e-05,95,8.47457875537e-05
,youden,0.224719309609973,0.0001345645232581,203,warmcos,simple_cnn,,splendid-sweep-2,0.682202570968204,0.614564831261101,143,0.0001345645232581,128,,0.608214397333056,0.0001345645232581,89,0.0001345645232581
,youden,0.208141887445101,0.000220569654788,235,plateau,simple_cnn,,hearty-sweep-1,0.669393261273702,0.618117229129663,113,0.000220569654788,96,,0.627070528180019,0.000220569654788,119,0.000220569654788
,youden,0.184161564114971,7.70150648026e-05,204,cosine,simple_cnn,,proud-sweep-1,0.682068910863664,0.612788632326821,141,7.70150648026e-05,127,,0.608943639962496,7.70150648026e-05,91,7.70150648026e-05
,rate_match,0.187683657397786,0.00010046940553,228,none,simple_cnn,,apricot-sweep-3,0.683997220463223,0.616341030195382,119,0.00010046940553,103,,0.606508490467757,0.00010046940553,113,0.00010046940553
,f1,0.192749195667199,0.0002295548256868,119,plateau,simple_cnn,,gallant-sweep-9,0.6813080045912,0.61101243339254,188,0.0002295548256868,212,,0.615936555891239,0.0002295548256868,44,0.0002295548256868
,f1,0.184682448967913,0.0002227256080716,110,plateau,simple_cnn,,apricot-sweep-8,0.662273095713721,0.626998223801066,201,0.0002227256080716,221,,0.642241379310345,0.0002227256080716,31,0.0002227256080716
,f1,0.210264011657624,0.0001852952035476,42,warmcos,simple_cnn,,azure-sweep-28,0.673231754038069,0.447602131438721,210,0.0001852952035476,289,,0.619973434732785,0.0001852952035476,22,0.0001852952035476
,youden,0.199289180282295,0.0002795715635373,107,plateau,simple_cnn,,curious-sweep-7,0.655132538742489,0.626998223801066,204,0.0002795715635373,224,,0.659105115116158,0.0002795715635373,28,0.0002795715635373
,youden,0.222940436051776,0.0001483440719545,64,warmcos,simple_cnn,,woven-sweep-18,0.675059722529517,0.465364120781528,198,0.0001483440719545,267,,0.614660381289718,0.0001483440719545,34,0.0001483440719545
,f1,0.231858939232777,0.00016237150104,50,warmcos,simple_cnn,,copper-sweep-17,0.669590920209885,0.47246891651865,216,0.00016237150104,281,,0.631979893738931,0.00016237150104,16,0.00016237150104
,rate_match,0.216300639435545,3.15860775867e-05,150,plateau,simple_cnn,,genial-sweep-16,0.688520540793737,0.550621669626998,160,3.15860775867e-05,181,,0.591311594957808,3.15860775867e-05,72,3.15860775867e-05
,f1,0.239289138816463,0.0001755433647603,37,plateau,simple_cnn,,hardy-sweep-13,0.690550552474128,0.58259325044405,218,0.0001755433647603,294,,0.622161162621106,0.0001755433647603,14,0.0001755433647603
,f1,0.209736397426122,0.0001687759874565,102,none,simple_cnn,,rare-sweep-6,0.683116740650601,0.621669626998224,193,0.0001687759874565,229,,0.611443900406292,0.0001687759874565,39,0.0001687759874565
,f1,0.190037544427296,3.07766103595e-05,117,plateau,simple_cnn,,lyric-sweep-12,0.691424581739638,0.577264653641208,186,3.07766103595e-05,214,,0.602784144181686,3.07766103595e-05,46,3.07766103595e-05
,f1,0.203264641258573,0.0001238970217066,59,warmcos,simple_cnn,,dark-sweep-11,0.691320803430345,0.577264653641208,203,0.0001238970217066,272,,0.618462860714658,0.0001238970217066,29,0.0001238970217066
,rate_match,0.222462258233628,0.0001913172583248,117,cosine,simple_cnn,,spring-sweep-5,0.684246990415785,0.607460035523979,186,0.0001913172583248,214,,0.605636003750391,0.0001913172583248,46,0.0001913172583248
,f1,0.192938804866063,6.88001633906e-05,150,warmcos,simple_cnn,,comic-sweep-10,0.690816899140676,0.589698046181172,167,6.88001633906e-05,181,,0.610258881133451,6.88001633906e-05,65,6.88001633906e-05
,youden,0.188687132029462,0.0001029651502158,61,plateau,simple_cnn,,wise-sweep-9,0.690619316365984,0.58259325044405,202,0.0001029651502158,270,,0.616275132826336,0.0001029651502158,30,0.0001029651502158
,f1,0.215770546473548,0.0001121073213548,42,none,simple_cnn,,drawn-sweep-4,0.683114972379473,0.61101243339254,217,0.0001121073213548,289,,0.600140639649964,0.0001121073213548,15,0.0001121073213548
,youden,0.21012292303151,4.067888705e-05,54,warmcos,simple_cnn,,likely-sweep-8,0.690547555685043,0.575488454706927,207,4.067888705e-05,277,,0.608943639962496,4.067888705e-05,25,4.067888705e-05
,youden,0.221851465368156,6.2988464544e-05,51,cosine,simple_cnn,,absurd-sweep-7,0.690612422095405,0.571936056838366,206,6.2988464544e-05,280,,0.607680487550787,6.2988464544e-05,26,6.2988464544e-05
,youden,0.18517045974808,8.11900735485e-05,51,warmcos,simple_cnn,,blooming-sweep-3,0.683113674322764,0.607460035523979,206,8.11900735485e-05,280,,0.594241587665382,8.11900735485e-05,26,8.11900735485e-05
,youden,0.217774875387729,0.0001502179632388,15,plateau,simple_cnn,,ruby-sweep-6,0.692381719748179,0.58259325044405,222,0.0001502179632388,316,,0.611561100114595,0.0001502179632388,10,0.0001502179632388
,f1,0.227120020103713,0.0001223430211114,58,none,simple_cnn,,dashing-sweep-5,0.683022310336431,0.600355239786856,216,0.0001223430211114,273,,0.631797583081571,0.0001223430211114,16,0.0001223430211114
,rate_match,0.232352137659527,4.34854722886e-05,45,warmcos,simple_cnn,,confused-sweep-2,0.690867198838128,0.545293072824156,207,4.34854722886e-05,286,,0.561868423794145,4.34854722886e-05,25,4.34854722886e-05
,rate_match,0.20923978766072,3.24528735495e-05,96,cosine,simple_cnn,,spring-sweep-4,0.690663980113136,0.570159857904085,193,3.24528735495e-05,235,,0.606235024481717,3.24528735495e-05,39,3.24528735495e-05
,f1,0.202391176415653,0.000129780134408,168,plateau,simple_cnn,,generous-sweep-3,0.692330035898421,0.587921847246892,163,0.000129780134408,163,,0.609920304198354,0.000129780134408,69,0.000129780134408
,youden,0.201546910553873,0.0001444720241752,129,plateau,simple_cnn,,drawn-sweep-1,0.677844587299559,0.619893428063943,186,0.0001444720241752,202,,0.618423794145224,0.0001444720241752,46,0.0001444720241752
,rate_match,0.193485435724099,0.0001664399121002,61,warmcos,simple_cnn,,grateful-sweep-12,0.68667987982432,0.586145648312611,214,0.0001664399121002,270,,0.631472028336285,0.0001664399121002,18,0.0001664399121002
,f1,0.187520277583061,4.03119317498e-05,147,none,simple_cnn,,wandering-sweep-1,0.691421495543586,0.543516873889876,151,4.03119317498e-05,184,,0.560266694447338,4.03119317498e-05,81,4.03119317498e-05
,f1,0.185602101861296,0.0002454370465852,163,cosine,simple_cnn,,radiant-sweep-1,0.685296383168962,0.579040852575488,158,0.0002454370465852,168,,0.635001041775185,0.0002454370465852,74,0.0002454370465852
,youden,0.202868529653936,0.0002435027431758,163,plateau,simple_cnn,,fallen-sweep-1,0.693296472231547,0.566607460035524,162,0.0002435027431758,168,,0.620429211376185,0.0002435027431758,70,0.0002435027431758
,youden,0.224260685950836,8.85259751814e-05,173,none,simple_cnn,,robust-sweep-2,0.69110162390603,0.58436944937833,155,8.85259751814e-05,158,,0.612746119387436,8.85259751814e-05,77,8.85259751814e-05
,f1,0.22526207762719,0.0001703779560978,184,cosine,simple_cnn,,lemon-sweep-2,0.682942678531011,0.602131438721137,155,0.0001703779560978,147,,0.632344515053651,0.0001703779560978,77,0.0001703779560978
,rate_match,0.227444782423339,0.0001558322659832,180,plateau,simple_cnn,,brisk-sweep-14,0.68082829647594,0.589698046181172,152,0.0001558322659832,151,,0.632175226586103,0.0001558322659832,80,0.0001558322659832
,f1,0.229803806859734,5.45971133708e-05,222,none,simple_cnn,,restful-sweep-9,0.685817367500729,0.623445825932504,129,5.45971133708e-05,109,,0.606781956453797,5.45971133708e-05,103,5.45971133708e-05
,f1,0.189879568456546,9.20496187252e-05,202,warmcos,simple_cnn,,swept-sweep-8,0.679284274578095,0.605683836589698,139,9.20496187252e-05,129,,0.616854620272945,9.20496187252e-05,93,9.20496187252e-05
,rate_match,0.19578157212483,0.0002510028823186,176,none,simple_cnn,,youthful-sweep-7,0.674946010112763,0.589698046181172,156,0.0002510028823186,155,,0.654859881237629,0.0002510028823186,76,0.0002510028823186
,f1,0.22780169985967,9.08769249104e-05,200,none,simple_cnn,,twilight-sweep-4,0.683600710497962,0.600355239786856,138,9.08769249104e-05,131,,0.595895405771435,9.08769249104e-05,94,9.08769249104e-05
,f1,0.212967220409843,0.0001954521889775,171,cosine,simple_cnn,,swept-sweep-6,0.686259885629018,0.58259325044405,157,0.0001954521889775,160,,0.625403687884155,0.0001954521889775,75,0.0001954521889775
,rate_match,0.231755881097724,3.96323818603e-05,169,warmcos,simple_cnn,,classic-sweep-5,0.691124763753679,0.579040852575488,157,3.96323818603e-05,162,,0.603585008855089,3.96323818603e-05,75,3.96323818603e-05
,youden,0.197036075069462,0.0001792932421225,192,cosine,simple_cnn,,fearless-sweep-3,0.684335947036743,0.591474245115453,141,0.0001792932421225,139,,0.604144963016981,0.0001792932421225,91,0.0001792932421225
,youden,0.23186698565308,0.0001662567727094,185,warmcos,simple_cnn,,likely-sweep-4,0.678864502244525,0.595026642984014,150,0.0001662567727094,146,,0.640600583394104,0.0001662567727094,82,0.0001662567727094
,rate_match,0.210738854897465,0.0001445343917337,163,cosine,simple_cnn,,bright-sweep-3,0.691921446058485,0.577264653641208,162,0.0001445343917337,168,,0.619074903635795,0.0001445343917337,70,0.0001445343917337
,rate_match,0.234785972850087,0.000262699441601,167,none,simple_cnn,,dutiful-sweep-2,0.678342243035634,0.58259325044405,161,0.000262699441601,164,,0.629831232420044,0.000262699441601,71,0.000262699441601
,rate_match,0.223532348900065,0.0001739815912307,184,plateau,simple_cnn,,glamorous-sweep-7,0.660892794529597,0.591474245115453,149,0.0001739815912307,147,,0.655484946348578,0.0001739815912307,83,0.0001739815912307
,f1,0.212114706832006,0.0001440102658334,169,warmcos,simple_cnn,,pretty-sweep-5,0.680880635976791,0.587921847246892,162,0.0001440102658334,162,,0.627239816647567,0.0001440102658334,70,0.0001440102658334
,youden,0.193653524521686,7.49989045011e-05,206,plateau,simple_cnn,,toasty-sweep-1,0.68565602435006,0.589698046181172,126,7.49989045011e-05,125,,0.578797270549015,7.49989045011e-05,106,7.49989045011e-05
,youden,0.220391068585978,8.90721328608e-05,205,warmcos,simple_cnn,,volcanic-sweep-1,0.678499692016178,0.605683836589698,136,8.90721328608e-05,126,,0.62002552349203,8.90721328608e-05,96,8.90721328608e-05
,youden,0.213644897647606,0.0001115740229043,47,plateau,simple_cnn,,royal-sweep-5,0.684331258138021,0.598579040852576,207,0.0001115740229043,284,,0.587847692467965,0.0001115740229043,25,0.0001115740229043
,youden,0.200300815954599,5.51713530826e-05,87,plateau,simple_cnn,,amber-sweep-8,0.685424943765005,0.621669626998224,187,5.51713530826e-05,244,,0.607302844046255,5.51713530826e-05,45,5.51713530826e-05
,youden,0.214570803497522,6.91278163008e-05,52,plateau,simple_cnn,,comic-sweep-4,0.684025916788313,0.598579040852576,207,6.91278163008e-05,279,,0.589827065319304,6.91278163008e-05,25,6.91278163008e-05
,f1,0.183068723816403,0.0002598136784975,121,warmcos,simple_cnn,,sage-sweep-7,0.673891537719303,0.602131438721137,184,0.0002598136784975,210,,0.623814980727159,0.0002598136784975,48,0.0002598136784975
,rate_match,0.20936518564222,3.12787947801e-05,152,warmcos,simple_cnn,,pious-sweep-6,0.682354546255536,0.593250444049734,166,3.12787947801e-05,179,,0.609490571934577,3.12787947801e-05,66,3.12787947801e-05
,f1,0.199376445555439,0.0002208071768267,63,warmcos,simple_cnn,,firm-sweep-5,0.666522562503815,0.609236234458259,221,0.0002208071768267,268,,0.642358579018648,0.0002208071768267,11,0.0002208071768267
,f1,0.229361748351099,7.94281099497e-05,95,none,simple_cnn,,cosmic-sweep-4,0.678900748491287,0.607460035523979,185,7.94281099497e-05,236,,0.61160016668403,7.94281099497e-05,47,7.94281099497e-05
,f1,0.181783326606784,7.88848053587e-05,164,warmcos,simple_cnn,,earnest-sweep-3,0.683155761824714,0.598579040852576,165,7.88848053587e-05,167,,0.608644129596833,7.88848053587e-05,67,7.88848053587e-05
,youden,0.187639784577815,8.51055297858e-05,41,plateau,simple_cnn,,fragrant-sweep-2,0.683041009638045,0.602131438721137,216,8.51055297858e-05,290,,0.59558287321596,8.51055297858e-05,16,8.51055297858e-05
,f1,0.221314250805569,5.98114252668e-05,80,none,simple_cnn,,dashing-sweep-2,0.68296613295873,0.58259325044405,196,5.98114252668e-05,251,,0.607511199083238,5.98114252668e-05,36,5.98114252668e-05
,youden,0.186667905129942,0.0001883201460712,43,none,simple_cnn,,ancient-sweep-1,0.688975234826406,0.591474245115453,218,0.0001883201460712,288,,0.625729242629441,0.0001883201460712,14,0.0001883201460712
,rate_match,0.239049408383267,5.03963040829e-05,55,plateau,simple_cnn,,ancient-sweep-1,0.68654657403628,0.591474245115453,205,5.03963040829e-05,276,,0.587209605167205,5.03963040829e-05,27,5.03963040829e-05
,f1,0.180396151414053,0.0002908474118846,87,cosine,simple_cnn,,fluent-sweep-21,0.668525235520469,0.573712255772647,212,0.0002908474118846,244,,0.658857693509741,0.0002908474118846,20,0.0002908474118846
,youden,0.225998288351491,0.0002463947554927,75,cosine,simple_cnn,,clean-sweep-20,0.666705936193466,0.630550621669627,211,0.0002463947554927,256,,0.643478487342431,0.0002463947554927,21,0.0002463947554927
,youden,0.207219723949911,3.37375918715e-05,56,none,simple_cnn,,proud-sweep-1,0.687672211064233,0.587921847246892,209,3.37375918715e-05,275,,0.57838056047505,3.37375918715e-05,23,3.37375918715e-05
,rate_match,0.199194976882812,0.0002845098557251,89,warmcos,simple_cnn,,icy-sweep-59,0.670511139763726,0.573712255772647,214,0.0002845098557251,242,,0.658115428690489,0.0002845098557251,18,0.0002845098557251
,f1,0.203162352330937,0.0001783992610191,57,plateau,simple_cnn,,wobbly-sweep-56,0.670382148689694,0.607460035523979,215,0.0001783992610191,274,,0.631393895197416,0.0001783992610191,17,0.0001783992610191
,youden,0.194722492582227,0.0001832936519015,109,plateau,simple_cnn,,glamorous-sweep-55,0.66078092985683,0.598579040852576,200,0.0001832936519015,222,,0.65134388998854,0.0001832936519015,32,0.0001832936519015
,rate_match,0.216242799148248,0.0002414415640698,108,plateau,simple_cnn,,northern-sweep-54,0.662814021110535,0.596802841918295,206,0.0002414415640698,223,,0.651096468382123,0.0002414415640698,26,0.0002414415640698
,f1,0.215707766732206,0.0002252745044043,105,plateau,simple_cnn,,earthy-sweep-51,0.663497626781464,0.614564831261101,207,0.0002252745044043,226,,0.65070580268778,0.0002252745044043,25,0.0002252745044043
,f1,0.203157783769955,0.0001693595359089,74,plateau,simple_cnn,,gentle-sweep-50,0.671938505437639,0.602131438721137,204,0.0001693595359089,257,,0.627591415772476,0.0001693595359089,28,0.0001693595359089
,youden,0.185176721307691,0.0002361704055741,181,plateau,simple_cnn,,frosty-sweep-13,0.691986812485589,0.596802841918295,155,0.0002361704055741,150,,0.619712990936556,0.0002361704055741,77,0.0002361704055741
,f1,0.225125358610486,0.000213648597729,180,plateau,simple_cnn,,super-sweep-9,0.684527628951603,0.58436944937833,149,0.000213648597729,151,,0.602875299510366,0.000213648597729,83,0.000213648597729
,rate_match,0.230085367083203,0.0001591593976728,155,warmcos,simple_cnn,,misty-sweep-12,0.685836517148548,0.568383658969805,165,0.0001591593976728,176,,0.62699239504115,0.0001591593976728,67,0.0001591593976728
,f1,0.205709759078314,0.0001995352215984,178,plateau,simple_cnn,,magic-sweep-11,0.682477543751399,0.593250444049734,156,0.0001995352215984,153,,0.635235441191791,0.0001995352215984,76,0.0001995352215984
,youden,0.213352849777212,0.0001006368433607,202,warmcos,simple_cnn,,trim-sweep-8,0.686913361152013,0.593250444049734,132,0.0001006368433607,129,,0.590530263569122,0.0001006368433607,100,0.0001006368433607
,f1,0.182251678588379,0.0002062622543266,187,plateau,simple_cnn,,brisk-sweep-10,0.677762104405297,0.603907637655417,153,0.0002062622543266,144,,0.641069382227315,0.0002062622543266,79,0.0002062622543266
,f1,0.203278981994608,0.0002312254743093,166,plateau,simple_cnn,,likely-sweep-9,0.678009990188811,0.573712255772647,157,0.0002312254743093,165,,0.645601104281696,0.0002312254743093,75,0.0002312254743093
,youden,0.238181489075493,0.0002528922924936,196,plateau,simple_cnn,,ethereal-sweep-7,0.684498502148522,0.598579040852576,141,0.0002528922924936,135,,0.606521512657569,0.0002528922924936,91,0.0002528922924936
,f1,0.216374204144963,3.9439265787e-05,163,none,simple_cnn,,true-sweep-8,0.690951062573327,0.571936056838366,159,3.9439265787e-05,168,,0.603851963746224,3.9439265787e-05,73,3.9439265787e-05
,rate_match,0.184598999947504,0.0002078632840869,147,plateau,simple_cnn,,exalted-sweep-7,0.678679462936189,0.561278863232682,169,0.0002078632840869,184,,0.641225648505053,0.0002078632840869,63,0.0002078632840869
,rate_match,0.188074436371358,0.0001150190506806,143,plateau,simple_cnn,,noble-sweep-6,0.689776609341304,0.550621669626998,167,0.0001150190506806,188,,0.613787894572351,0.0001150190506806,65,0.0001150190506806
,f1,0.219672898504091,0.0001812686998145,189,cosine,simple_cnn,,autumn-sweep-6,0.684584074550205,0.586145648312611,141,0.0001812686998145,142,,0.598317533076362,0.0001812686998145,91,0.0001812686998145
,f1,0.227060913753621,3.94532717471e-05,169,warmcos,simple_cnn,,proud-sweep-5,0.690973553392622,0.580817051509769,158,3.94532717471e-05,162,,0.603643608709241,3.94532717471e-05,74,3.94532717471e-05
,youden,0.238944644147375,5.09958813075e-05,178,none,simple_cnn,,icy-sweep-4,0.690671708848741,0.591474245115453,155,5.09958813075e-05,153,,0.604659339514533,5.09958813075e-05,77,5.09958813075e-05
,youden,0.202244238227838,0.0001590265886929,204,none,simple_cnn,,polished-sweep-5,0.684337317943573,0.598579040852576,133,0.0001590265886929,127,,0.596325138035212,0.0001590265886929,99,0.0001590265886929
,youden,0.192015686872277,0.0002343693103842,191,warmcos,simple_cnn,,fluent-sweep-3,0.681949840651618,0.602131438721137,148,0.0002343693103842,140,,0.630482341910616,0.0002343693103842,84,0.0002343693103842
,youden,0.231704612087212,0.0002583821636217,191,none,simple_cnn,,lyric-sweep-2,0.682779941293928,0.598579040852576,146,0.0002583821636217,140,,0.634037399729138,0.0002583821636217,86,0.0002583821636217
,youden,0.211703749458796,5.101572988e-05,202,cosine,simple_cnn,,dauntless-sweep-4,0.687950468725628,0.573712255772647,121,5.101572988e-05,129,,0.574213459735389,5.101572988e-05,111,5.101572988e-05
,f1,0.22804508818963,0.0001951644342988,158,none,simple_cnn,,usual-sweep-1,0.69304213921229,0.573712255772647,165,0.0001951644342988,173,,0.616496510053131,0.0001951644342988,67,0.0001951644342988
,youden,0.237392346867649,0.0002074810946008,202,plateau,simple_cnn,,lunar-sweep-3,0.683212836583455,0.603907637655417,138,0.0002074810946008,129,,0.609191061568913,0.0002074810946008,94,0.0002074810946008
,youden,0.230014581574993,5.07969309065e-05,175,cosine,simple_cnn,,smart-sweep-5,0.690782328446706,0.586145648312611,155,5.07969309065e-05,156,,0.604659339514533,5.07969309065e-05,77,5.07969309065e-05
,youden,0.2013218026969,4.67953836738e-05,181,plateau,simple_cnn,,radiant-sweep-4,0.690623773468865,0.595026642984014,154,4.67953836738e-05,150,,0.604802583602459,4.67953836738e-05,78,4.67953836738e-05
,youden,0.22865697333824,6.80928988654e-05,194,plateau,simple_cnn,,glad-sweep-2,0.686558889018165,0.580817051509769,133,6.80928988654e-05,137,,0.57512501302219,6.80928988654e-05,99,6.80928988654e-05
,rate_match,0.186689437839422,0.0001185564150978,173,warmcos,simple_cnn,,olive-sweep-3,0.687886701689826,0.591474245115453,160,0.0001185564150978,158,,0.61929628086259,0.0001185564150978,72,0.0001185564150978
,f1,0.221060050071739,0.0002983097005869,166,cosine,simple_cnn,,jumping-sweep-2,0.692220038837857,0.580817051509769,161,0.0002983097005869,165,,0.633464423377435,0.0002983097005869,71,0.0002983097005869
,youden,0.192402321855215,0.0001245375284258,212,warmcos,simple_cnn,,smooth-sweep-1,0.684621724817488,0.602131438721137,127,0.0001245375284258,119,,0.589957287217419,0.0001245375284258,105,0.0001245375284258
,f1,0.197699927247151,5.78773944555e-05,148,plateau,simple_cnn,,decent-sweep-1,0.690780017111037,0.559502664298402,167,5.78773944555e-05,183,,0.606000625065111,5.78773944555e-05,65,5.78773944555e-05
,youden,0.209278209078434,0.0001392246889035,175,none,simple_cnn,,exalted-sweep-26,0.689621090888977,0.591474245115453,158,0.0001392246889035,156,,0.620090634441088,0.0001392246889035,74,0.0001392246889035
,f1,0.216445405792818,0.0002938881883353,167,none,simple_cnn,,earnest-sweep-25,0.688229474756453,0.58436944937833,162,0.0002938881883353,164,,0.634714553599333,0.0002938881883353,70,0.0002938881883353
,f1,0.225160582366271,0.0001300517733748,155,none,simple_cnn,,still-sweep-24,0.688326444890764,0.570159857904085,166,0.0001300517733748,176,,0.620194811959579,0.0001300517733748,66,0.0001300517733748
,rate_match,0.214042654641917,4.57879439441e-05,157,plateau,simple_cnn,,resilient-sweep-11,0.696275062031216,0.52753108348135,140,1.11786972519881e-08,174,,0.544008490467757,1.11786972519881e-08,92,4.57879439441e-05
,rate_match,0.217865400921004,4.21266273908e-05,160,none,simple_cnn,,radiant-sweep-23,0.690942390097512,0.566607460035524,159,4.21266273908e-05,171,,0.604984894259819,4.21266273908e-05,73,4.21266273908e-05
,youden,0.220595639526993,0.0001951473115316,207,none,simple_cnn,,winter-sweep-22,0.677797039349874,0.61101243339254,137,0.0001951473115316,124,,0.642475778726951,0.0001951473115316,95,0.0001951473115316
,youden,0.209486518736383,4.50974592436e-05,202,plateau,simple_cnn,,wild-sweep-10,0.696215887864431,0.557726465364121,112,1.10101218856568e-08,129,,0.544028023752474,1.10101218856568e-08,120,4.50974592436e-05
,f1,0.20997619198635,0.0002204647682423,158,none,simple_cnn,,denim-sweep-21,0.691713505321079,0.571936056838366,164,0.0002204647682423,173,,0.623476403792062,0.0002204647682423,68,0.0002204647682423
,rate_match,0.194240521056275,0.0002120885698778,189,cosine,simple_cnn,,likely-sweep-20,0.676814407110214,0.607460035523979,153,3.26899139975716e-07,142,,0.625520887592458,0.0,79,0.0002120885698778
,rate_match,0.188133606416274,0.0001162661566101,158,plateau,simple_cnn,,swept-sweep-9,0.697903725836012,0.536412078152753,144,1.41926460705771e-08,173,,0.547498437337223,1.41926460705771e-08,88,0.0001162661566101
,rate_match,0.219569772711128,0.0002216035548671,158,none,simple_cnn,,rich-sweep-19,0.691158798005846,0.571936056838366,164,0.0002216035548671,173,,0.624140535472445,0.0002216035548671,68,0.0002216035548671
,f1,0.186590187122733,0.0002965450700469,149,none,simple_cnn,,volcanic-sweep-18,0.691982368628184,0.559502664298402,166,0.0002965450700469,182,,0.625130221898114,0.0002965450700469,66,0.0002965450700469
,youden,0.220878997703698,0.0002162058745784,195,cosine,simple_cnn,,bright-sweep-8,0.686783744229211,0.593250444049734,139,3.33245278131316e-07,136,,0.583446192311699,0.0,93,0.0002162058745784
,f1,0.22142849284476,0.0002852438940648,194,cosine,simple_cnn,,glorious-sweep-17,0.677205857303407,0.595026642984014,141,4.39655865032454e-07,137,,0.622682050213564,0.0,91,0.0002852438940648
,rate_match,0.235078006453763,0.0002317865599433,154,cosine,simple_cnn,,earthy-sweep-16,0.677982648213705,0.566607460035524,165,3.57260304725825e-07,177,,0.620207834149391,0.0,67,0.0002317865599433
,rate_match,0.197089209228898,0.0001829386039076,158,plateau,simple_cnn,,honest-sweep-7,0.697034474876192,0.532859680284192,142,1.20026018023809e-08,173,,0.55294822377331,1.20026018023809e-08,90,0.0001829386039076
,youden,0.214432311588575,0.0002735950012079,221,cosine,simple_cnn,,sunny-sweep-15,0.677195476161109,0.619893428063943,128,4.21701040504242e-07,110,,0.62291644963017,0.0,104,0.0002735950012079
,f1,0.228715713691588,0.0002696211776478,156,none,simple_cnn,,bumbling-sweep-14,0.690604587395986,0.570159857904085,165,0.0002696211776478,175,,0.630182831544953,0.0002696211776478,67,0.0002696211776478
,f1,0.203285418294561,0.0002712114882433,172,none,simple_cnn,,avid-sweep-13,0.679049832953347,0.58259325044405,156,0.0002712114882433,159,,0.646707990415668,0.0002712114882433,76,0.0002712114882433
,rate_match,0.203786619428693,3.39131127734e-05,173,cosine,simple_cnn,,northern-sweep-6,0.693922367360857,0.536412078152753,129,5.2271404375738e-08,158,,0.553573288884259,0.0,103,3.39131127734e-05
,youden,0.211583008136561,0.0002852720371699,197,none,simple_cnn,,vague-sweep-12,0.678789622253842,0.603907637655417,143,0.0002852720371699,134,,0.647866965308886,0.0002852720371699,89,0.0002852720371699
,rate_match,0.223611173116066,0.0002615454250522,181,none,simple_cnn,,youthful-sweep-11,0.677001078923543,0.596802841918295,155,0.0002615454250522,150,,0.645952703406605,0.0002615454250522,77,0.0002615454250522
,f1,0.218304305165982,0.0002805260616783,138,plateau,simple_cnn,,wise-sweep-5,0.697980059517754,0.513321492007105,151,5.52159447201536e-09,193,,0.549777320554225,5.52159447201536e-09,81,0.0002805260616783
,f1,0.220469894408826,0.0002071258566478,198,cosine,simple_cnn,,vivid-sweep-10,0.681676467259725,0.609236234458259,145,3.19249945642612e-07,133,,0.611118345661006,0.0,87,0.0002071258566478
,rate_match,0.231791623221064,0.0002764528833032,171,none,simple_cnn,,dashing-sweep-9,0.682492329014672,0.58436944937833,158,0.0002764528833032,160,,0.634844775497448,0.0002764528833032,74,0.0002764528833032
,youden,0.214270113993458,4.29980139323e-05,220,warmcos,simple_cnn,,rose-sweep-4,0.691730025741789,0.570159857904085,101,7.745041891989e-08,111,,0.554680175018231,0.0,131,4.29980139323e-05
,rate_match,0.234303465214212,0.000225927480343,129,none,simple_cnn,,comic-sweep-8,0.691216899289025,0.543516873889876,177,0.000225927480343,202,,0.622942494009793,0.000225927480343,55,0.000225927480343
,f1,0.220542314010432,0.0001812457147779,166,none,simple_cnn,,devoted-sweep-7,0.685931841532389,0.580817051509769,161,0.0001812457147779,165,,0.626940306281904,0.0001812457147779,71,0.0001812457147779
,rate_match,0.231160313086894,0.0002750479082615,191,cosine,simple_cnn,,light-sweep-6,0.677103870444828,0.607460035523979,151,4.23940454285773e-07,140,,0.622812272111678,0.0,81,0.0002750479082615
,youden,0.210182604493288,0.000106169825668,201,plateau,simple_cnn,,desert-sweep-3,0.697627312607235,0.557726465364121,113,6.96580226208108e-09,130,,0.545226065215127,6.96580226208108e-09,119,0.000106169825668
,rate_match,0.227813426297553,0.0001368330282926,150,plateau,simple_cnn,,prime-sweep-5,0.69082764784495,0.55417406749556,162,8.977614986278651e-09,181,,0.606755912074174,8.977614986278651e-09,70,0.0001368330282926
,rate_match,0.214699591903428,0.0001006660915138,176,warmcos,simple_cnn,,summer-sweep-2,0.688571621974309,0.566607460035524,143,1.7191286977846e-07,155,,0.57313261798104,0.0,89,0.0001006660915138
,rate_match,0.234863811317793,0.0002774350883877,170,plateau,simple_cnn,,twilight-sweep-4,0.690418776538637,0.577264653641208,155,5.4607548447353805e-09,161,,0.610284925513074,5.4607548447353805e-09,77,0.0002774350883877
,f1,0.230281132562218,0.0001714054389034,184,plateau,simple_cnn,,lively-sweep-3,0.690813667244381,0.589698046181172,148,1.12459108464547e-08,147,,0.607302844046255,1.12459108464547e-08,84,0.0001714054389034
,youden,0.193542392189498,4.31804828694e-05,221,cosine,simple_cnn,,golden-sweep-2,0.691024866369036,0.618117229129663,127,6.65555089644934e-08,110,,0.603500364621315,0.0,105,4.31804828694e-05
,f1,0.228964072503651,3.31018867671e-05,172,warmcos,simple_cnn,,fast-sweep-1,0.694039007027944,0.534635879218472,129,5.10210348534657e-08,159,,0.553508177935202,0.0,103,3.31018867671e-05
,f1,0.217240113994282,4.68552912193e-05,200,cosine,simple_cnn,,laced-sweep-1,0.690416150622898,0.603907637655417,140,7.22196128331645e-08,131,,0.603057610167726,0.0,92,4.68552912193e-05
,youden,0.20749497539608,7.54315806607e-05,203,cosine,simple_cnn,,fallen-sweep-9,0.689527134100596,0.561278863232682,113,1.16265194579934e-07,128,,0.567168455047401,0.0,119,7.54315806607e-05
,youden,0.227345989700447,0.000252205213793,215,plateau,simple_cnn,,distinctive-sweep-8,0.696936474906074,0.575488454706927,109,1.53933846309216e-08,116,,0.556815814147307,1.53933846309216e-08,123,0.000252205213793
,youden,0.233782276912712,3.36163454486e-05,215,none,simple_cnn,,dauntless-sweep-7,0.690087805191676,0.570159857904085,106,3.36163454486e-05,116,,0.566191790811543,3.36163454486e-05,126,3.36163454486e-05
,youden,0.222920920154534,0.0001291647239527,193,warmcos,simple_cnn,,charmed-sweep-6,0.688016835186217,0.587921847246892,138,2.32658698970669e-07,138,,0.579148869673924,0.0,94,0.0001291647239527
,f1,0.236987706325872,0.0001777419342083,185,warmcos,simple_cnn,,sleek-sweep-5,0.687848574585385,0.58259325044405,143,3.20158677229614e-07,146,,0.584396812167934,0.0,89,0.0001777419342083
,f1,0.224877697499723,0.0001570215258039,170,warmcos,simple_cnn,,glorious-sweep-4,0.687545802858141,0.570159857904085,151,2.68154059743358e-07,161,,0.577078341493906,0.0,81,0.0001570215258039
,youden,0.238732593123361,0.0001800155645159,191,cosine,simple_cnn,,hearty-sweep-3,0.687865442699856,0.589698046181172,141,2.77463954122668e-07,140,,0.58282112720075,0.0,91,0.0001800155645159
,rate_match,0.182189849834806,0.0001984939002457,158,plateau,simple_cnn,,solar-sweep-2,0.698407232761383,0.532859680284192,142,1.30231847951226e-08,173,,0.546840816751745,1.30231847951226e-08,90,0.0001984939002457
,youden,0.189947490543998,0.0001292797459873,182,warmcos,simple_cnn,,wobbly-sweep-1,0.688237150510152,0.557726465364121,132,2.20777938257845e-07,149,,0.570762579435358,0.0,100,0.0001292797459873
,f1,0.218644725913446,0.0002559397544603,150,plateau,simple_cnn,,rich-sweep-20,0.680039743582408,0.575488454706927,174,6.3984938615e-05,181,,0.615103135743307,6.3984938615e-05,58,0.0002559397544603
,rate_match,0.184882326890931,0.0002237349024605,219,plateau,simple_cnn,,restful-sweep-12,0.68187936478191,0.612788632326821,126,6.0408423664e-06,112,,0.600270861548078,6.0408423664e-06,106,0.0002237349024605
,rate_match,0.191191279760769,0.000157547318241,208,plateau,simple_cnn,,colorful-sweep-11,0.685683379570643,0.605683836589698,133,0.000157547318241,123,,0.609529638504011,0.000157547318241,99,0.000157547318241
,youden,0.20151272393559,0.0001744355523484,195,plateau,simple_cnn,,decent-sweep-5,0.685355193085141,0.591474245115453,138,1.412927974e-06,136,,0.590165642254402,1.412927974e-06,94,0.0001744355523484
,youden,0.22007782383134,0.0001357370895297,193,warmcos,simple_cnn,,mild-sweep-4,0.67992643515269,0.600355239786856,145,2.09216073528447e-07,138,,0.609946348577977,0.0,87,0.0001357370895297
,f1,0.195585069577747,0.0007034817248894,191,warmcos,simple_cnn,,super-sweep-56,0.671528266535865,0.612788632326821,154,1.2013733755e-06,140,,0.649208250859465,0.0,78,0.0007034817248894
,f1,0.218008591861682,0.0003066212708489,182,cosine,simple_cnn,,generous-sweep-2,0.670900464057922,0.591474245115453,151,4.72605524175811e-07,149,,0.626666840295864,0.0,81,0.0003066212708489
,rate_match,0.185204913898957,3.15733946153e-05,199,none,simple_cnn,,zany-sweep-1,0.691666278574202,0.602131438721137,140,3.15733946153e-05,132,,0.603943119074904,3.15733946153e-05,92,3.15733946153e-05
,youden,0.227634395888494,0.0007486458140696,217,warmcos,simple_cnn,,likely-sweep-36,0.662630720271005,0.628774422735346,137,1.2785025067e-06,114,,0.661761641837691,0.0,95,0.0007486458140696
,rate_match,0.212379824719252,0.0007792831079134,184,none,simple_cnn,,glad-sweep-22,0.647945231861538,0.641207815275311,177,0.0007792831079134,147,,0.687623710803209,0.0007792831079134,55,0.0007792831079134
,youden,0.18202095263053,0.0006775583606769,224,cosine,simple_cnn,,spring-sweep-21,0.684705495834351,0.619893428063943,125,1.0443431511e-06,107,,0.626836128763413,0.0,107,0.0006775583606769
,rate_match,0.207650571334244,0.0004243817258371,214,cosine,simple_cnn,,dulcet-sweep-1,0.693139033185111,0.609236234458259,129,6.54113615257488e-07,117,,0.603552453380561,0.0,103,0.0004243817258371
,youden,0.225334469399817,0.0001173241960589,202,none,simple_cnn,,tough-sweep-4,0.702551225821177,0.575488454706927,122,0.0001173241960589,129,,0.578849359308261,0.0001173241960589,110,0.0001173241960589
,youden,0.194272513725938,0.0007030776083379,213,cosine,simple_cnn,,desert-sweep-1,0.673334886630376,0.609236234458259,130,1.0836768131e-06,118,,0.645197416397542,0.0,102,0.0007030776083379
,youden,0.220081717406783,0.0005086957533184,243,cosine,simple_cnn,,desert-sweep-1,0.683762010600832,0.628774422735346,111,7.84069619427881e-07,88,,0.624557245546411,0.0,121,0.0005086957533184
0.487533611710753,f1,0.221846918275512,0.0001735256175104,204,warmcos,mtlunet,0.542887623935887,gallant-sweep-2,1.40929078393512,0.649466192170819,161,3.12564012623335e-07,127,0.475610522537512,0.708949660611292,0.0,70,0.0001735256175104
0.487609744120312,youden,0.222507699461188,0.0001462572207939,179,warmcos,mtlunet,0.561224462397419,devout-sweep-1,0.922861364152696,0.619217081850534,169,2.63446656824173e-07,152,0.475626945814559,0.697937510626332,0.0,62,0.0001462572207939
0.487504075270791,f1,0.188356965089063,0.000540360997494,218,warmcos,mtlunet,0.543283985619596,cosmic-sweep-2,0.787964800993601,0.631672597864769,137,8.32876309454099e-07,113,0.475617513962064,0.710623716666013,0.0,94,0.000540360997494
0.493398619517287,youden,0.225649074662097,0.0002297619304231,219,warmcos,mtlunet,0.571977069362058,jolly-sweep-1,0.700742536120945,0.660142348754448,152,3.54139676163366e-07,112,0.486918260545417,0.717908476216633,0.0,79,0.0002297619304231
0.487504075270791,rate_match,0.18903157986911,0.0003714024287256,240,warmcos,mtlunet,0.547698000607629,gentle-sweep-1,0.679551124572754,0.660142348754448,131,6.68990752408877e-07,91,0.475617513962064,0.728279776618145,0.0,100,0.0003714024287256
0.493375016688629,f1,0.18042457798775,0.0004339835435877,220,plateau,mtlunet,0.544084047596447,unique-sweep-10,0.737403055032094,0.633451957295374,136,0.0004339835435877,111,0.486923299226048,0.696211140319902,0.0004339835435877,95,0.0004339835435877
0.487557758432159,youden,0.202217866023549,3.82435606727e-05,212,none,mtlunet,0.580586633343989,snowy-sweep-1,0.910748991701338,0.645907473309609,151,3.82435606727e-05,119,0.475615174659318,0.694288591569558,3.82435606727e-05,80,3.82435606727e-05
0.493375016688629,youden,0.194891921015674,0.000160756263031,216,plateau,mtlunet,0.56908248189494,prime-sweep-9,0.740478969282574,0.640569395017794,144,0.000160756263031,115,0.486923299226048,0.709682060135232,0.000160756263031,87,0.000160756263031
0.487545963020004,rate_match,0.219869987367608,5.09793120386e-05,221,cosine,mtlunet,0.56602141903725,flowing-sweep-6,1.45116179519229,0.654804270462634,147,5.09793120386e-05,110,0.475611429831066,0.711761551640706,5.09793120386e-05,84,5.09793120386e-05
0.493410076347898,youden,0.183311694326154,5.39669949654e-05,212,cosine,mtlunet,0.549204442601162,likely-sweep-8,1.44114905595779,0.642348754448399,149,5.39669949654e-05,119,0.486919606434716,0.716587541360955,5.39669949654e-05,82,5.39669949654e-05
0.487504075270791,youden,0.189590891672771,0.0007368634316761,227,plateau,mtlunet,0.549672863609683,dainty-sweep-5,1.37817414601644,0.669039145907473,149,0.0007368634316761,104,0.475617513962064,0.736179228626359,0.0007368634316761,82,0.0007368634316761
0.493375016688629,youden,0.190779989115674,0.0007865081541906,271,plateau,mtlunet,0.585204495534535,fresh-sweep-1,1.31751814153459,0.656583629893239,98,0.0007865081541906,60,0.486923299226048,0.697440525235087,0.0007865081541906,133,0.0007865081541906
0.487504025352159,f1,0.183096003946008,0.0002559062657573,258,none,mtlunet,0.549175840779464,zany-sweep-4,1.258259428872,0.660142348754448,113,0.0002559062657573,73,0.475617418934018,0.734191287061378,0.0002559062657573,118,0.0002559062657573
0.489345899925428,f1,0.207599451879057,4.89763027024e-05,220,plateau,mtlunet,0.547506671906575,fanciful-sweep-3,1.39307814174228,0.663701067615658,153,4.89763027024e-05,111,0.475778658102455,0.721988987850015,4.89763027024e-05,78,4.89763027024e-05
0.493375016688629,rate_match,0.228568017344921,0.0001595243490347,210,cosine,mtlunet,0.571439892862623,fresh-sweep-1,0.671421084139082,0.649466192170819,155,0.0001595243490347,121,0.486923299226048,0.716417520042898,0.0001595243490347,76,0.0001595243490347
0.487504075270791,f1,0.204500334009436,0.0007117305323161,250,plateau,mtlunet,0.574686858850028,mild-sweep-2,1.24979408582052,0.683274021352313,134,0.0007117305323161,81,0.475617513962064,0.736597742640039,0.0007117305323161,97,0.0007117305323161
0.488041787615427,youden,0.195933280848553,5.50103708692e-05,193,cosine,mtlunet,0.563725376726188,northern-sweep-1,1.59369092517429,0.633451957295374,163,5.50103708692e-05,138,0.47565812725953,0.704280613646173,5.50103708692e-05,68,5.50103708692e-05
0.496476528915915,youden,0.226363643615116,4.88051592753e-05,201,none,mtlunet,0.546665213743998,dandy-sweep-1,1.45392236444685,0.656583629893239,168,4.88051592753e-05,130,0.487495867729404,0.697231268228247,4.88051592753e-05,63,4.88051592753e-05
0.48761502388862,youden,0.2129663384378,8.88452514472e-05,148,plateau,mtlunet,0.552388135862215,skilled-sweep-3,1.38486195935143,0.688612099644128,205,8.88452514472e-05,183,0.475653126960121,0.746707471783001,8.88452514472e-05,26,8.88452514472e-05
0.487891667857508,youden,0.212572935911566,5.36355895758e-05,198,none,mtlunet,0.556440716339568,balmy-sweep-2,0.766471922397614,0.701067615658363,187,5.36355895758e-05,133,0.475702775099241,0.762087861785747,5.36355895758e-05,44,5.36355895758e-05
0.487504039614627,f1,0.206896569534571,0.000371230498248,182,plateau,mtlunet,0.553635641434594,dazzling-sweep-1,1.28457299868266,0.690391459074733,199,0.000371230498248,149,0.475617446084888,0.752030446894495,0.000371230498248,32,0.000371230498248
0.49380199862098,f1,0.208675117939856,4.96190573609e-05,202,cosine,mtlunet,0.606832594905995,upbeat-sweep-1,1.32532705201043,0.711743772241993,174,4.96190573609e-05,129,0.486895356713189,0.74498110147657,4.96190573609e-05,57,4.96190573609e-05
0.493375016688629,rate_match,0.238889532634785,0.0007511124773441,220,none,mtlunet,0.586257973778346,skilled-sweep-1,0.67697407801946,0.645907473309609,141,0.0007511124773441,111,0.486923299226048,0.699781587999111,0.0007511124773441,90,0.0007511124773441
0.487504075270791,youden,0.198403887617466,0.0004042292924094,127,plateau,mtlunet,0.566429054217601,glamorous-sweep-2,0.796525355842378,0.651245551601424,206,0.0004042292924094,204,0.475617513962064,0.713004015118819,0.0004042292924094,25,0.0004042292924094
0.493375016688629,f1,0.180492153319842,0.0003853390550344,173,cosine,mtlunet,0.571046228118505,colorful-sweep-1,1.39959079027176,0.667259786476868,185,0.0003853390550344,158,0.486923299226048,0.715292763631132,0.0003853390550344,46,0.0003853390550344
0.487682219772183,f1,0.192735790495489,3.2310916039e-05,177,none,mtlunet,0.578103028130689,grateful-sweep-1,1.31932763589753,0.679715302491103,194,3.2310916039e-05,154,0.475667468494686,0.74602738651077,3.2310916039e-05,37,3.2310916039e-05
0.487634777128289,youden,0.217760974506085,3.70850687988e-05,147,warmcos,mtlunet,0.580067979114895,comic-sweep-8,0.720382355981403,0.699288256227758,209,3.70850687988e-05,184,0.475661877207897,0.751729639947163,3.70850687988e-05,22,3.70850687988e-05
0.493375016688629,f1,0.223739311388565,0.0005718408436958,241,plateau,mtlunet,0.569732486472437,giddy-sweep-3,0.684476213322745,0.665480427046263,133,0.0005718408436958,90,0.486923299226048,0.711539216070938,0.0005718408436958,98,0.0005718408436958
0.487525571113899,rate_match,0.183248636882543,0.0001249970558637,221,none,mtlunet,0.579296638160773,twilight-sweep-4,0.712200184663137,0.674377224199288,158,0.0001249970558637,110,0.475624837843919,0.749728619819254,0.0001249970558637,73,0.0001249970558637
0.493375950095433,youden,0.220794724997633,0.0002081761083758,271,none,mtlunet,0.577267653289396,dauntless-sweep-2,0.763324479262034,0.693950177935943,119,0.0002081761083758,60,0.486923614300429,0.733066530649612,0.0002081761083758,112,0.0002081761083758
0.487510823455878,f1,0.209075790807683,0.0001635025090419,217,none,mtlunet,0.574082438066059,young-sweep-3,1.40359009636773,0.654804270462634,151,0.0001635025090419,114,0.475620201067431,0.73485829377068,0.0001635025090419,80,0.0001635025090419
0.499422836575519,youden,0.217957313246602,4.31774052486e-05,262,warmcos,mtlunet,0.585587949148069,smooth-sweep-1,1.32799918121762,0.699288256227758,131,4.31774052486e-05,69,0.486766857460567,0.74560887249709,4.31774052486e-05,100,4.31774052486e-05
0.487649200528648,youden,0.195464892284294,3.41462540065e-05,258,cosine,mtlunet,0.578896360092775,drawn-sweep-2,0.731489721271727,0.676156583629893,122,3.41462540065e-05,73,0.475665202668894,0.748355370711866,3.41462540065e-05,109,3.41462540065e-05
0.487504075270791,youden,0.217495222237895,0.0007679414721572,210,none,mtlunet,0.571885430670956,sparkling-sweep-1,0.811281634701623,0.665480427046263,164,0.0007679414721572,121,0.475617513962064,0.728593662128405,0.0007679414721572,67,0.0007679414721572
0.48750508826671,youden,0.191369570017882,0.0005937799301529,218,cosine,mtlunet,0.582702714587497,polished-sweep-5,1.26897246307797,0.697508896797153,174,9.15212680314065e-07,113,0.475617879346923,0.759498306326101,0.0,57,0.0005937799301529
0.493375016688629,f1,0.181484728403085,0.0005958670311237,236,none,mtlunet,0.570931790692889,confused-sweep-5,0.676713900433646,0.670818505338078,141,0.0005958670311237,95,0.486923299226048,0.714965799557945,0.0005958670311237,90,0.0005958670311237
0.491645001098603,rate_match,0.192735215308444,9.17696173227e-05,208,plateau,mtlunet,0.578202410102539,snowy-sweep-4,1.39409122202131,0.661921708185053,164,1.12023458645893e-08,123,0.442268220013618,0.73895188396699,1.12023458645893e-08,67,9.17696173227e-05
0.493374877312925,f1,0.195656879046587,0.0002291216421299,272,none,mtlunet,0.579985989213394,pious-sweep-3,0.733415524164836,0.699288256227758,121,0.0002291216421299,59,0.486923027717346,0.740835197028551,0.0002291216421299,110,0.0002291216421299
0.488271562976071,youden,0.215020447533805,5.03113991484e-05,214,cosine,mtlunet,0.58161710917806,azure-sweep-3,1.3114784889751,0.685053380782918,171,7.75466264970404e-08,117,0.475771964463424,0.754973123553184,0.0,60,5.03113991484e-05
0.491100510449167,youden,0.221461257370322,0.0001425948971396,219,plateau,mtlunet,0.579670334996206,wandering-sweep-2,1.53962896929847,0.677935943060498,162,1.74066036547394e-08,112,0.476299570062293,0.744157152012137,1.74066036547394e-08,69,0.0001425948971396
0.493794915973184,f1,0.192587329197012,7.62732385317e-05,264,none,mtlunet,0.583129104977003,usual-sweep-2,1.30944797727797,0.688612099644128,123,7.62732385317e-05,67,0.487106310311243,0.749035455984097,7.62732385317e-05,108,7.62732385317e-05
0.487529039536697,youden,0.210766314415532,0.000250408762634,241,cosine,mtlunet,0.588197546851467,major-sweep-1,1.35235301653544,0.702846975088968,154,3.85963322750652e-07,90,0.475628311864584,0.775153346150325,0.0,77,0.000250408762634
0.493375685240463,rate_match,0.188713642847819,0.0003422466432735,202,warmcos,mtlunet,0.583497454584182,daily-sweep-1,0.658444470829434,0.681494661921708,181,6.1647372683733e-07,129,0.486923098413405,0.750866454793947,0.0,50,0.0003422466432735
0.493212576726432,rate_match,0.203959227849331,3.59946967614e-05,220,warmcos,mtlunet,0.582150932356389,twilight-sweep-3,1.55864170524809,0.679715302491103,162,6.48356537456149e-08,111,0.475886099861435,0.747322164240593,0.0,69,3.59946967614e-05
0.487504018220926,youden,0.211706250448341,0.0001334281827127,253,none,mtlunet,0.578138254524184,cool-sweep-2,0.704599781168832,0.674377224199288,126,0.0001334281827127,78,0.475617405358583,0.746458979087378,0.0001334281827127,105,0.0001334281827127
0.487686141215614,youden,0.233760266112507,0.0004152699387112,196,plateau,mtlunet,0.571243909029003,snowy-sweep-1,1.45829190148248,0.667259786476868,179,1.26730327975856e-08,135,0.475680983313757,0.72642262068244,1.26730327975856e-08,52,0.0004152699387112
0.487517713668598,rate_match,0.180025857932197,9.40930612119e-05,226,none,mtlunet,0.588295467468769,rare-sweep-4,0.802581800354852,0.685053380782918,159,9.40930612119e-05,105,0.475623159435241,0.775454153097658,9.40930612119e-05,72,9.40930612119e-05
0.493438624423843,f1,0.181242186827418,6.11682976773e-05,221,warmcos,mtlunet,0.582691528103823,dashing-sweep-2,0.800606320301692,0.683274021352313,163,9.42807239260163e-08,110,0.486943624057625,0.748446920652359,0.0,68,6.11682976773e-05
0.487514012164142,rate_match,0.200513338802287,0.000237519951345,244,cosine,mtlunet,0.574217258140145,valiant-sweep-1,0.798242449760437,0.679715302491103,138,3.66097370860298e-07,87,0.475622363564583,0.735237572095578,0.0,93,0.000237519951345
0.493731357757486,f1,0.196369085340172,3.77450189628e-05,190,none,mtlunet,0.574298997849516,peach-sweep-8,0.882556762960222,0.640569395017794,170,3.77450189628e-05,141,0.486970015129384,0.723924615163286,3.77450189628e-05,61,3.77450189628e-05
0.487505387923353,rate_match,0.201295464743782,0.0002804740614064,235,warmcos,mtlunet,0.583572633798994,splendid-sweep-3,0.903543823295169,0.670818505338078,142,4.78980559090715e-07,96,0.475617668334491,0.761983233282327,0.0,89,0.0002804740614064
0.487505074002998,rate_match,0.219669262221094,5.73248425233e-05,235,none,mtlunet,0.581297413729524,dark-sweep-1,0.921679324573941,0.676156583629893,145,5.73248425233e-05,96,0.475617852195431,0.755483187507357,5.73248425233e-05,86,5.73248425233e-05
0.487507706259589,f1,0.227120560262171,0.000113527243258,223,warmcos,mtlunet,0.584741402458827,avid-sweep-1,0.902022179630068,0.697508896797153,169,2.04491597286165e-07,108,0.475618955683855,0.765318266828841,0.0,62,0.000113527243258
