"Name","State","Created","Runtime","Sweep","alpha","base_learning_rate","batch_size","beta","dropout","epochs","input_shape","l2_reg","lr_multiplier","task","epoch","train_loss","val_acc","val_auc","val_dice","val_dice_c0","val_dice_c1","val_dice_manual","val_iou","val_iou_c0","val_iou_c1","val_iou_manual","val_loss","val_sens","val_spec"
"smart-sweep-34","finished","2025-07-23T12:48:58.000Z","6942","","2","0.0002","64","2","0.17807997493490488","40","[256,256]","0.0001336016010499153","1.136831817835358","multitask","37","","0.4724689165186501","0.4827065319304094","0.5866583498394358","0.5344765650738119","0.6388401346050595","0.5864571332931519","0.4170176195844435","0.3647001148778839","0.4693351242910032","","1.8936505224522648","",""
"quiet-sweep-33","finished","2025-07-23T11:20:10.000Z","5325","","0.5","0.0002","32","0.5","0.1702116350119348","40","[256,256]","0.00006459599095204425","1.1607238892342968","multitask","28","","0.47957371225577267","0.5080477133034691","0.6064271843115387","0.5976624032902487","0.6151919653328287","0.5639500021934509","0.4352167999512525","0.426190101935882","0.44424349796662305","","1.8537831823101687","",""
"lively-sweep-32","finished","2025-07-23T09:38:05.000Z","6099","","2","0.0002","32","0.5","0.15213593698823935","40","[256,256]","0.00010417317332591636","0.920954800193478","multitask","32","","0.4724689165186501","0.4774325450567768","0.5960058959866137","0.5494615889944819","0.6425502029787454","0.5891803503036499","0.4260746802784402","0.37879837226343654","0.4733509882934438","","1.7087055429895648","",""
"vital-sweep-31","finished","2025-07-23T08:16:15.000Z","4906","","1","0.0002","32","1","0.181440387866313","40","[256,256]","0.000011136545997110173","0.934880060446442","multitask","27","","0.458259325044405","0.4892306490259402","0.5985009442888366","0.5857772496317402","0.611224638945933","0.5598901510238647","0.4271610448594093","0.4142043744376233","0.44011771528119525","","1.9413123664381664","",""
"electric-sweep-30","finished","2025-07-23T06:19:05.000Z","7025","","2","0.0002","32","0.5","0.15925914757665424","40","[256,256]","0.00012583527257143225","0.9155907169168984","multitask","37","","0.4422735346358792","0.480349515574539","0.5848756718687651","0.5946600867823872","0.575091256955143","0.5174675583839417","0.4133709500976752","0.4231432418516288","0.4035986583437215","","1.8158923838532417","",""
"wise-sweep-29","finished","2025-07-23T04:58:33.000Z","4825","","1","0.0002","128","0.5","0.1716458552272988","40","[256,256]","0.00007762546602540161","1.074454933741308","multitask","26","","0.4920071047957371","0.5278674861964788","0.5658632450638198","0.4697881900410014","0.6619383000866382","0.607996940612793","0.4008539940083794","0.3070086029813018","0.494699385035457","","1.8689981734985568","",""
"visionary-sweep-28","finished","2025-07-23T03:10:19.000Z","6490","","1","0.0002","32","0.5","0.1791720555350631","40","[256,256]","0.00014178047501574423","0.9176721018661872","multitask","34","","0.4849023090586146","0.48520679237420566","0.6000060181228789","0.5702800676497453","0.6297319685960125","0.5769105553627014","0.42922191508287344","0.39887537044565535","0.4595684597200916","","1.775995772854685","",""
"gallant-sweep-27","finished","2025-07-23T01:43:10.000Z","5224","","1","0.0002","32","2","0.21796697806536364","40","[256,256]","0.000034479512263649705","0.9303404857970076","multitask","28","","0.45293072824156305","0.5047140327117408","0.6084751598836189","0.6081628463743624","0.6087874733928755","0.5577391386032104","0.43727229517451577","0.4369497141171588","0.4375948762318727","","1.6911061695159857","",""
"prime-sweep-26","finished","2025-07-22T23:50:34.000Z","6751","","0.5","0.0002","64","2","0.2236983147928216","40","[256,256]","0.00004371404602659319","0.864261301745059","multitask","36","","0.4422735346358792","0.4939577039274925","0.6026482677270232","0.5881595760684053","0.6171369593856411","0.5675819516181946","0.4314327566451265","0.4165906897824469","0.44627482350780606","","2.3943478192995116","",""
"vocal-sweep-25","finished","2025-07-22T21:49:16.000Z","7271","","1","0.0002","64","1","0.15750392763814944","40","[256,256]","0.0000846232476212875","0.8302793302588647","multitask","39","","0.4564831261101243","0.5033336805917282","0.6024027871086591","0.5805383374057198","0.6242672368115985","0.5727418065071106","0.4313777893233115","0.4089848656741448","0.45377071297247823","","2.1942665547291296","",""
"worthy-sweep-24","finished","2025-07-22T19:52:19.000Z","7012","","1","0.0002","16","2","0.1630299001411317","40","[256,256]","0.0001225732836241277","0.9232981030337528","multitask","38","","0.4724689165186501","0.502226794457756","0.5779732849093822","0.6076470497522314","0.5482995200665328","0.47505348920822144","0.4070560286221793","0.4364173966407733","0.37769466060358536","","1.6219783803285968","",""
"whole-sweep-23","finished","2025-07-22T18:45:32.000Z","4000","","1","0.0002","16","2","0.16007808250985212","40","[256,256]","0.0001259924298961562","0.9273313946978928","multitask","22","","0.4653641207815275","0.46582977393478486","0.6171103390921007","0.6176092703807922","0.6166114078034093","0.5665667057037354","0.4462471713211733","0.4467689612986036","0.445725381343743","","1.6510481351645758","",""
"neat-sweep-22","finished","2025-07-22T17:20:23.000Z","5105","","0.5","0.0002","128","0.5","0.1919485861452473","40","[256,256]","0.00008248766874408605","0.9698469038037156","multitask","27","","0.44404973357015987","0.5034378581102198","0.5554472719652334","0.46024435179067624","0.6506501921397905","0.5967758297920227","0.3905513691876095","0.2989073963300103","0.4821953420452087","","2.267225790616674","",""
"chocolate-sweep-21","finished","2025-07-22T15:12:49.000Z","7649","","1","0.0002","64","0.5","0.2419205311657039","40","[256,256]","0.00010553153263426596","1.1423938314080468","multitask","40","","0.4920071047957371","0.4811048025836024","0.5992899286128058","0.5774013902289493","0.6211784669966623","0.5686331391334534","0.42819599176360057","0.4058779379250727","0.4505140456021284","","1.870454994865675","",""
"treasured-sweep-20","finished","2025-07-22T13:47:21.000Z","5120","","1","0.0002","32","2","0.1595664682645579","40","[256,256]","0.00008147565407649673","0.9550106056785233","multitask","27","","0.44760213143872113","0.4785524533805605","0.5972318011915412","0.5723741544171064","0.6220894479659761","0.5706871747970581","0.4262001560908543","0.4009272851062797","0.45147302707542897","","1.9683289333092808","",""
"vibrant-sweep-19","finished","2025-07-22T12:38:02.000Z","4154","","1","0.0002","16","2","0.1745629262778598","40","[256,256]","0.0001340514378401628","0.8886322439300423","multitask","22","","0.48312611012433393","0.49575476612147096","0.6158505805412687","0.6158419806709367","0.6158591804116008","0.5648534893989563","0.4449307075960782","0.44492173008501656","0.4449396851071399","","1.6115806132396204","",""
"dutiful-sweep-18","finished","2025-07-22T10:57:25.000Z","6031","","2","0.0002","128","0.5","0.21248361333041088","40","[256,256]","0.00007251825926153135","1.1455210088219792","multitask","32","","0.48312611012433393","0.5153140952182519","0.5768609791895556","0.5034065329109496","0.6503154254681615","0.5942079424858093","0.4090979816281962","0.33636825496111555","0.4818277082952768","","2.106301126429285","",""
"serene-sweep-17","finished","2025-07-22T08:56:19.000Z","7258","","1","0.0002","64","0.5","0.22869903528183896","40","[256,256]","0.000027667801737379588","1.1338308263757295","multitask","38","","0.48845470692717585","0.5008464423377436","0.6092940502662694","0.6045372916341885","0.6140508088983504","0.5643531680107117","0.4381353576656179","0.4332163718958464","0.44305434343538946","","2.1800424362372337","",""
"rose-sweep-16","finished","2025-07-22T07:29:06.000Z","5229","","0.5","0.0002","32","1","0.19789692334930592","40","[256,256]","0.00008468025710774179","0.8164014875683117","multitask","27","","0.4955595026642984","0.5120976143348266","0.6069057147325647","0.6136320299159169","0.6001793995492124","0.5500246286392212","0.43568647702281726","0.4426184412488267","0.4287545127968079","","1.9864209244560391","",""
"wandering-sweep-15","finished","2025-07-22T05:41:03.000Z","6476","","1","0.0002","64","2","0.1966955283737552","40","[256,256]","0.00012074262756825273","0.959637466747829","multitask","34","","0.4564831261101243","0.4966402750286488","0.5963752529599629","0.5428884187121163","0.6498620872078092","0.5971077084541321","0.4269543163505371","0.37257848038808294","0.48133015231299126","","2.1664358244060833","",""
"valiant-sweep-14","finished","2025-07-22T03:52:50.000Z","6487","","2","0.0002","64","2","0.21668211166885576","40","[256,256]","0.0001194532597282698","1.0336518562825725","multitask","34","","0.4653641207815275","0.492017397645588","0.604087780185208","0.5670516475437993","0.6411239128266167","0.5888482332229614","0.4337641302959064","0.3957237164701871","0.47180454412162576","","1.9862240508436944","",""
"curious-sweep-13","finished","2025-07-22T02:28:20.000Z","5065","","1","0.0002","32","2","0.197114218705851","40","[256,256]","0.00002229006074313349","1.041927174280176","multitask","26","","0.4706927175843694","0.4921215751640795","0.600620855744119","0.6057099004758781","0.5955318110123601","0.5428098440170288","0.4292241376674978","0.434421718036017","0.4240265572989785","","1.8842502411051287","",""
"avid-sweep-12","finished","2025-07-22T01:03:30.000Z","5087","","2","0.0002","128","2","0.24177451103104783","40","[256,256]","0.0001256507698451081","0.9678455439965794","multitask","27","","0.45293072824156305","0.5199565058860298","0.5624787216463978","0.4694110983905122","0.6555463449022834","0.6026089787483215","0.39713985465567114","0.30668659487658895","0.48759311443475334","","2.2608020301398755","",""
"worldly-sweep-11","finished","2025-07-21T23:34:17.000Z","5350","","1","0.0002","64","2","0.2101940961644286","40","[256,256]","0.00010771824322879952","1.0064940516742276","multitask","28","","0.4849023090586146","0.5002213772267945","0.6043065320909005","0.5657157684136807","0.6428972957681203","0.5907096862792969","0.4340757825050566","0.3944237522488821","0.47372781276123105","","1.9552418249750223","",""
"celestial-sweep-10","finished","2025-07-21T21:41:00.000Z","6789","","0.5","0.0002","128","2","0.237243555399074","40","[256,256]","0.00004343507717455749","0.9296605397509268","multitask","36","","0.4689165186500888","0.5127226794457755","0.5860275967796545","0.5389370057802758","0.6331181877790333","0.5810484290122986","0.4160253331658491","0.3688663718897988","0.4631842944418994","","1.811006535857016","",""
"earthy-sweep-9","finished","2025-07-21T20:20:39.000Z","4816","","2","0.0002","16","0.5","0.22776298322288652","40","[256,256]","0.00004703047708886396","1.1636477507315273","multitask","27","","0.477797513321492","0.5049223877487239","0.5958366166637092","0.6123824994590867","0.5792907338683319","0.5254599452018738","0.4245334705922874","0.4413193832020505","0.40774755798252427","","1.762797868908193","",""
"generous-sweep-8","finished","2025-07-21T18:55:32.000Z","5099","","1","0.0002","32","2","0.175372852131948","40","[256,256]","0.0000985837397615924","0.959428742230863","multitask","27","","0.45293072824156305","0.49762996145431815","0.6074357172787914","0.6023727690903681","0.6124986654672149","0.5626050233840942","0.4362183935189167","0.43099673201009375","0.4414400550277397","","2.046487323767762","",""
"quiet-sweep-7","finished","2025-07-21T17:14:35.000Z","6051","","2","0.0002","32","1","0.2169187673945781","40","[256,256]","0.00001709578548117382","0.945272985052506","multitask","32","","0.5079928952042628","0.5140248984269195","0.5803541146646992","0.503858195093675","0.6568500342357234","0.6026153564453125","0.4129043436326104","0.3367716839683001","0.4890370032969206","","1.6583794006022423","",""
"fast-sweep-6","finished","2025-07-21T15:30:35.000Z","6233","","1","0.0002","32","0.5","0.2018263372477304","40","[256,256]","0.00014052845259556314","1.1677430562712092","multitask","34","","0.5008880994671403","0.5145783414939056","0.5963283651356879","0.5473840778479133","0.6452726524234623","0.5916135311126709","0.4265691284142443","0.3768264339529957","0.476311822875493","","1.5857455048637323","",""
"scarlet-sweep-5","finished","2025-07-21T14:03:25.000Z","5225","","1","0.0002","64","1","0.2013091702003841","40","[256,256]","0.0001248431396668711","0.8786514599735692","multitask","28","","0.47602131438721135","0.5136472549223878","0.6003085983922998","0.5593657701870813","0.6412514265975182","0.5891748070716858","0.4301100537109325","0.3882774396244359","0.4719426677974291","","2.397207690386323","",""
"pious-sweep-4","finished","2025-07-21T12:05:29.000Z","7068","","1","0.0002","64","2","0.23506715072801335","40","[256,256]","0.0001238842437866961","0.8881538010515783","multitask","38","","0.4689165186500888","0.4791124075424524","0.6123803169222554","0.5974860233553874","0.6272746104891234","0.575370192527771","0.4414831928234697","0.42601074449526594","0.4569556411516735","","2.0820665918489123","",""
"cosmic-sweep-3","finished","2025-07-21T10:44:31.000Z","4851","","1","0.0002","16","1","0.21308615935827363","40","[256,256]","0.00008864676031730595","1.0024724843141963","multitask","27","","0.46714031971580816","0.5001302218981143","0.5936527424165885","0.6117643450778452","0.5755411397553317","0.5188611149787903","0.4223597722964417","0.4406775916673526","0.4040419529255309","","1.7025751415408523","",""
"sweet-sweep-2","finished","2025-07-21T09:19:17.000Z","5108","","2","0.0002","16","1","0.19151481320782704","40","[256,256]","0.0001004867171097995","0.942904183492188","multitask","28","","0.5062166962699822","0.5332326283987916","0.6099045351665693","0.6202129759886391","0.5995960943444996","0.5451990962028503","0.4388292314716537","0.44949906412769136","0.42815939881561593","","1.572431710007771","",""
"smart-sweep-1","finished","2025-07-21T08:11:19.000Z","4038","","1","0.0002","16","1","0.2015227942607283","40","[256,256]","0.000020347940045966064","1.0697795776420476","multitask","22","","0.48134991119005327","0.4664548390457339","0.6060833120905005","0.629897266708881","0.5822693574721198","0.5328399538993835","0.4352248794434011","0.4597445515606023","0.4107052073262","","1.503565840780417","",""
"comic-sweep-11","finished","2025-07-21T04:52:01.000Z","5913","","2","0.0002","128","1","0.2385270702054052","40","[256,256,1]","0.0001319354703084166","1.19181530307103","multitask","32","","0.47957371225577267","0.523615741223044","0.4723220083617764","0.4104627766599598","0.534181240063593","0.5980455875396729","0.3113265053955353","0.2582278481012658","0.3644251626898048","","2.0878038965364123","",""
"ethereal-sweep-10","finished","2025-07-21T03:13:35.000Z","5900","","1","0.0002","128","1","0.21460455591709487","40","[256,256,1]","0.00008915062065888378","1.1563459272217331","multitask","32","","0.47957371225577267","0.523615741223044","0.4723220083617764","0.4104627766599598","0.534181240063593","0.5980455875396729","0.3113265053955353","0.2582278481012658","0.3644251626898048","","2.0878038965364123","",""
"jolly-sweep-9","finished","2025-07-21T01:35:03.000Z","5908","","2","0.0002","128","2","0.2194084993993161","40","[256,256,1]","0.00010968818695322994","1.1287797582190555","multitask","32","","0.47957371225577267","0.523615741223044","0.4723220083617764","0.4104627766599598","0.534181240063593","0.5980455875396729","0.3113265053955353","0.2582278481012658","0.3644251626898048","","2.0878038965364123","",""
"lively-sweep-8","finished","2025-07-21T00:10:17.000Z","5081","","2","0.0002","32","1","0.22842748587751505","40","[256,256,1]","0.00012190630025594124","1.186256316288762","multitask","27","","0.46181172291296624","0.5064850505260964","0.4552047904191617","0.39520958083832336","0.5152","0.5825479626655579","0.2966257076685538","0.2462686567164179","0.34698275862068967","","1.9317154282998448","",""
"ethereal-sweep-7","finished","2025-07-20T22:12:18.000Z","7071","","2","0.0002","64","1","0.24733428084843403","40","[256,256,1]","0.00014468455504442772","1.193872708375422","multitask","38","","0.47957371225577267","0.5116809042608605","0.47954744078775086","0.4758497316636851","0.48324514991181655","0.5681952238082886","0.31540561196637185","0.31220657276995306","0.3186046511627907","","2.1250826088615673","",""
"snowy-sweep-6","finished","2025-07-20T20:15:01.000Z","7034","","2","0.0002","64","2","0.2235815952591479","40","[256,256,1]","0.00012166666115223676","1.1308417836832765","multitask","38","","0.47957371225577267","0.5116809042608605","0.47954744078775086","0.4758497316636851","0.48324514991181655","0.5681952238082886","0.31540561196637185","0.31220657276995306","0.3186046511627907","","2.1250826088615673","",""
"vital-sweep-5","finished","2025-07-20T18:17:25.000Z","7051","","2","0.0002","64","2","0.2382081907152103","40","[256,256,1]","0.00009740504461254656","1.1250281751013869","multitask","38","","0.47957371225577267","0.5116809042608605","0.47954744078775086","0.4758497316636851","0.48324514991181655","0.5681952238082886","0.31540561196637185","0.31220657276995306","0.3186046511627907","","2.1250826088615673","",""
"likely-sweep-4","finished","2025-07-20T16:19:55.000Z","7047","","2","0.0002","64","1","0.22788069435134667","40","[256,256,1]","0.0001005669521989498","1.0544199806665813","multitask","38","","0.47957371225577267","0.5116809042608605","0.47954744078775086","0.4758497316636851","0.48324514991181655","0.5681952238082886","0.31540561196637185","0.31220657276995306","0.3186046511627907","","2.1250826088615673","",""
"astral-sweep-3","finished","2025-07-20T14:41:15.000Z","5913","","1","0.0002","128","1","0.24185862559467863","40","[256,256,1]","0.00005643079438868897","0.8547219906785946","multitask","32","","0.47957371225577267","0.523615741223044","0.4723220083617764","0.4104627766599598","0.534181240063593","0.5980455875396729","0.3113265053955353","0.2582278481012658","0.3644251626898048","","2.0878038965364123","",""
"jumping-sweep-2","finished","2025-07-20T12:43:44.000Z","7046","","1","0.0002","64","1","0.2281119444862046","40","[256,256,1]","0.00010079843706911428","1.108153726434598","multitask","38","","0.47957371225577267","0.5116809042608605","0.47954744078775086","0.4758497316636851","0.48324514991181655","0.5681952238082886","0.31540561196637185","0.31220657276995306","0.3186046511627907","","2.1250826088615673","",""
"rose-sweep-1","finished","2025-07-20T11:04:56.000Z","5921","","1","0.0002","128","2","0.16356301626090694","40","[256,256,1]","0.00003765915046206451","1.09327337726501","multitask","32","","0.47957371225577267","0.523615741223044","0.4723220083617764","0.4104627766599598","0.534181240063593","0.5980455875396729","0.3113265053955353","0.2582278481012658","0.3644251626898048","","2.0878038965364123","",""
"hopeful-sweep-61","finished","2025-07-20T02:41:01.000Z","6241","","0.5","0.0002","32","1","0.20998021038464615","40","[256,256,1]","0.0000682258367911999","1.133662087970175","multitask","40","0.6024837378995964","0.4547069271758437","0.4888530055214085","0.5448936820030212","","","0.5451726350519392","0.4060015082359314","","","","2.389737559689416","",""
"polar-sweep-60","finished","2025-07-20T01:00:21.000Z","6034","","0.5","0.0002","32","1","0.2063933411731952","40","[256,256,1]","0.0000665807328083984","1.075726081446597","multitask","40","0.6187250685979084","0.4724689165186501","0.4945697468486301","0.5202944874763489","","","0.5216793202691608","0.38106295466423035","","","","2.3963481651412115","",""
"dazzling-sweep-59","finished","2025-07-19T23:22:33.000Z","5864","","2","0.0002","64","1","0.1612126892260501","40","[256,256,1]","0.000014205700191593498","0.8232468476419118","multitask","40","0.672749305055255","0.4547069271758437","0.4931633503489947","0.556035578250885","","","0.5559289322959052","0.4136617183685303","","","","2.6413130230373807","",""
"electric-sweep-58","finished","2025-07-19T21:46:22.000Z","5768","","2","0.0002","128","2","0.2363446164735475","40","[256,256,1]","0.00005423762749471346","0.8253911456008551","multitask","40","0.5622766926175072","0.4991119005328597","0.5309928117512241","0.5665526390075684","","","0.5684295177459717","0.4266833364963531","","","","2.5070042610168457","",""
"hardy-sweep-57","finished","2025-07-19T20:09:58.000Z","5782","","1","0.0002","128","2","0.16218349865998324","40","[256,256,1]","0.000022882838776052363","0.8062432530781649","multitask","40","0.5594141156900496","0.49023090586145646","0.5265652672153349","0.5648663640022278","","","0.565739381313324","0.4255092144012451","","","","2.6139596939086913","",""
"sleek-sweep-56","finished","2025-07-19T18:32:30.000Z","5845","","2","0.0002","64","0.5","0.23149247120075644","40","[256,256,1]","0.000012535945382779164","0.8425678979989443","multitask","40","0.6630858168715522","0.45293072824156305","0.5081258464423377","0.587328314781189","","","0.5872761408487955","0.4511249363422394","","","","2.6056843863593206","",""
"absurd-sweep-55","finished","2025-07-19T16:55:06.000Z","5841","","2","0.0002","64","1","0.2206918390112813","40","[256,256,1]","0.00003259151671184534","0.8201020547738154","multitask","40","0.7101350213800158","0.4653641207815275","0.4835529742681529","0.5745779871940613","","","0.5743878616227044","0.4345971941947937","","","","2.889756997426351","",""
"golden-sweep-54","finished","2025-07-19T15:17:45.000Z","5836","","2","0.0002","64","1","0.15822392986765652","40","[256,256,1]","0.00004140374922109276","0.8015682232685655","multitask","40","0.6662522000925881","0.46714031971580816","0.475453172205438","0.5790693759918213","","","0.579120053185357","0.44108107686042786","","","","2.474236011505127","",""
"earthy-sweep-53","finished","2025-07-19T13:40:00.000Z","5860","","2","0.0002","64","0.5","0.16030236830942737","40","[256,256,1]","0.00003552280171345595","0.88770287595919","multitask","40","0.6795375049114227","0.4689165186500888","0.4908584227523701","0.5668619275093079","","","0.5667897330390083","0.4256211221218109","","","","2.59541556570265","",""
"generous-sweep-52","finished","2025-07-19T12:02:33.000Z","5844","","2","0.0002","64","1","0.15610715765154243","40","[256,256,1]","0.000050011798984555694","0.8937793152004182","multitask","40","0.6779181403773171","0.4564831261101243","0.49100166684029584","0.5762773752212524","","","0.5762029820018344","0.4370242357254028","","","","2.7681126329633923","",""
"daily-sweep-51","finished","2025-07-19T10:26:18.000Z","5769","","2","0.0002","128","0.5","0.16394361807580685","40","[256,256,1]","0.000023323597927059305","0.8550631650944773","multitask","40","0.5569533294155484","0.49023090586145646","0.5222874778622772","0.5643812417984009","","","0.566335654258728","0.4259316325187683","","","","2.6255456447601317","",""
"misunderstood-sweep-50","finished","2025-07-19T08:48:49.000Z","5843","","2","0.0002","64","1","0.17683000273924532","40","[256,256,1]","0.000015642860098196377","0.8082102227274663","multitask","40","0.6551687561330342","0.4511545293072824","0.48463381602250233","0.5804481506347656","","","0.58045584625668","0.442932665348053","","","","2.6240825123257108","",""
"whole-sweep-49","finished","2025-07-19T07:11:29.000Z","5835","","2","0.0002","64","0.5","0.15237395203499868","40","[256,256,1]","0.00001955684903117882","0.9214508487896436","multitask","40","0.6766549632662818","0.4706927175843694","0.4974216064173352","0.5838868021965027","","","0.5836058325237699","0.4468044340610504","","","","2.7749384774102106","",""
"visionary-sweep-48","finished","2025-07-19T05:34:07.000Z","5838","","2","0.0002","64","0.5","0.15415296733704154","40","[256,256,1]","0.000035173246206210594","0.8251716229435875","multitask","40","0.658338949793861","0.48312611012433393","0.5032815918324826","0.5848046541213989","","","0.5847689509391785","0.4484162628650666","","","","2.5835281478034124","",""
"fast-sweep-47","finished","2025-07-19T03:56:38.000Z","5843","","1","0.0002","64","1","0.1607541275643852","40","[256,256,1]","0.00003816124516140262","0.8252968395879454","multitask","40","0.6654080918857029","0.47424511545293074","0.5120585477653923","0.5759161114692688","","","0.5757229195700752","0.4378060698509216","","","","2.6786893208821616","",""
"fast-sweep-46","finished","2025-07-19T02:19:05.000Z","5849","","1","0.0002","64","2","0.1547466294481541","40","[256,256,1]","0.00002222979184124784","0.8240454365707696","multitask","40","0.6632809255804334","0.47602131438721135","0.4987759141577248","0.5730749368667603","","","0.5728385580910577","0.4333151876926422","","","","2.642137500974867","",""
"lilac-sweep-45","finished","2025-07-19T00:40:21.000Z","5922","","2","0.0002","32","2","0.1683268826903847","40","[256,256,1]","0.000019624092409047866","0.8031418137628583","multitask","40","0.5899910108152643","0.4724689165186501","0.4792426294405667","0.546128511428833","","","0.5471998188230727","0.4075365662574768","","","","2.433336933453878","",""
"cool-sweep-44","finished","2025-07-18T23:01:51.000Z","5908","","2","0.0002","32","0.5","0.2444084267391207","40","[256,256,1]","0.000010837961404482258","0.8397694358089498","multitask","40","0.5432873364672604","0.4955595026642984","0.4911188665485988","0.5661360025405884","","","0.5664624869823456","0.431095838546753","","","","2.381907516055637","",""
"sage-sweep-43","finished","2025-07-18T21:22:35.000Z","5951","","1","0.0002","64","2","0.1544193347995857","40","[256,256,1]","0.00001567602260462424","0.8170953468474593","multitask","40","0.6767939130465189","0.4920071047957371","0.49104724450463594","0.5733119249343872","","","0.573117368751102","0.434019535779953","","","","2.631711562474569","",""
"dauntless-sweep-42","finished","2025-07-18T19:42:08.000Z","6021","","1","0.0002","64","2","0.17381708619006167","40","[256,256,1]","0.00001621423743371274","0.8042007524967383","multitask","40","0.6777516120956057","0.4866785079928952","0.500696687154912","0.5803823471069336","","","0.5802194078763326","0.44201019406318665","","","","2.8569165335761175","",""
"helpful-sweep-41","finished","2025-07-18T18:01:56.000Z","6005","","1","0.0002","64","1","0.15207066633410116","40","[256,256,1]","0.00001862379897821313","0.8172534361080082","multitask","40","0.6595108821278527","0.47602131438721135","0.4940553703510782","0.5837001204490662","","","0.5835562017228868","0.4467776417732239","","","","2.7949902481502957","",""
"rosy-sweep-40","finished","2025-07-18T16:21:32.000Z","6017","","2","0.0002","64","1","0.15174133310957122","40","[256,256,1]","0.000014685553590663018","0.8559983686951624","multitask","40","0.6866974319730487","0.45293072824156305","0.4866392332534639","0.5533788204193115","","","0.5533597535557218","0.4103963971138001","","","","2.811192353566488","",""
"scarlet-sweep-39","finished","2025-07-18T14:42:23.000Z","5946","","2","0.0002","128","2","0.1698276469209235","40","[256,256,1]","0.000010732652294316704","0.8804476375145687","multitask","40","0.5705241433211735","0.49733570159857904","0.5189733305552662","0.5667443871498108","","","0.5666280865669251","0.4276982843875885","","","","2.6633325099945067","",""
"noble-sweep-38","finished","2025-07-18T13:03:15.000Z","5944","","2","0.0002","128","0.5","0.17738273053511008","40","[256,256,1]","0.00002389843105232037","0.8140428433591338","multitask","40","0.5581273237864176","0.5115452930728241","0.5329982289821857","0.560247004032135","","","0.561481487751007","0.42162469029426575","","","","2.562324857711792","",""
"golden-sweep-37","finished","2025-07-18T11:22:43.000Z","6029","","2","0.0002","64","0.5","0.15755815668950712","40","[256,256,1]","0.000015121212353426748","1.0252419615691422","multitask","40","0.6850610744385492","0.458259325044405","0.4683300343785811","0.5667892694473267","","","0.5667313800917732","0.4256154894828797","","","","2.792085197236803","",""
"swept-sweep-36","finished","2025-07-18T09:43:20.000Z","5957","","2","0.0002","128","0.5","0.17148930674478102","40","[256,256,1]","0.000026136093427546337","1.1666763704461196","multitask","40","0.5657705324036735","0.47602131438721135","0.4846989269715595","0.5705661773681641","","","0.5704079866409302","0.43338561058044434","","","","2.6712541580200195","",""
"worldly-sweep-35","finished","2025-07-18T08:04:52.000Z","5900","","2","0.0002","128","2","0.17426546403778603","40","[256,256,1]","0.000020239826605522715","0.8006467683399727","multitask","40","0.5584561980905987","0.4937833037300178","0.519976039170747","0.5662354826927185","","","0.5677917122840881","0.42817360162734985","","","","2.624357843399048","",""
"fiery-sweep-34","finished","2025-07-18T06:24:46.000Z","6000","","2","0.0002","64","0.5","0.16424560614680547","40","[256,256,1]","0.000012976663529070028","0.85647289410481","multitask","40","0.6881790970052991","0.47424511545293074","0.4998567559120742","0.5780174732208252","","","0.5779264569282532","0.43927252292633057","","","","2.556717210345798","",""
"woven-sweep-33","finished","2025-07-18T04:44:19.000Z","6022","","2","0.0002","64","1","0.16501033501712883","40","[256,256,1]","0.000011426806949114038","0.825862918763697","multitask","40","0.6663563279878526","0.4369449378330373","0.4922648192520054","0.5847370624542236","","","0.5847124126222398","0.4475294351577759","","","","2.5476650396982827","",""
"sage-sweep-32","finished","2025-07-18T03:05:20.000Z","5936","","2","0.0002","128","2","0.16790907031737692","40","[256,256,1]","0.000011333405711958374","0.8094715162486248","multitask","40","0.5532208979129791","0.4849023090586146","0.5175669340556308","0.5681947469711304","","","0.5692258477210999","0.42808395624160767","","","","2.5759127140045166","",""
"zesty-sweep-31","finished","2025-07-18T01:25:08.000Z","5973","","2","0.0002","128","2","0.1536445829122152","40","[256,256,1]","0.000013816217666907076","1.172904407617004","multitask","40","0.5691868662834167","0.4653641207815275","0.49558547765392225","0.567681074142456","","","0.566125464439392","0.4288747906684875","","","","2.743850326538086","",""
"exalted-sweep-30","finished","2025-07-17T23:46:15.000Z","5926","","2","0.0002","128","0.5","0.15020011749950907","40","[256,256,1]","0.000016544162802914538","0.8552319590365242","multitask","40","0.5620614758559636","0.4991119005328597","0.5208875924575477","0.564084529876709","","","0.5647492289543152","0.4258536100387573","","","","2.5907683849334715","",""
"gallant-sweep-29","finished","2025-07-17T22:04:33.000Z","6096","","2","0.0002","64","1","0.15086527453910423","40","[256,256,1]","0.00001224362310397121","0.8195326638750267","multitask","40","0.6711901426315308","0.4511545293072824","0.47425513074278575","0.5835564136505127","","","0.5833795666694641","0.4460740983486175","","","","2.7727170520358615","",""
"polar-sweep-28","finished","2025-07-17T20:22:31.000Z","6115","","2","0.0002","128","0.5","0.1585771776542002","40","[256,256,1]","0.000010756712647697585","0.8072317694551067","multitask","40","0.5678955571992057","0.4955595026642984","0.5119673924367122","0.5724717974662781","","","0.57363862991333","0.43484097719192505","","","","2.6885987758636474","",""
"dutiful-sweep-27","finished","2025-07-17T18:42:48.000Z","5978","","2","0.0002","128","2","0.15315267831526783","40","[256,256,1]","0.000019946468815749793","1.1871814569274317","multitask","40","0.5669887037504286","0.45293072824156305","0.4871210542764871","0.5722701549530029","","","0.5709603190422058","0.43310508131980896","","","","2.664889430999756","",""
"worldly-sweep-26","finished","2025-07-17T17:03:15.000Z","5966","","2","0.0002","128","0.5","0.16581283645126485","40","[256,256,1]","0.000017385210965692724","0.8081559086498794","multitask","40","0.5564372397604442","0.49023090586145646","0.5245598499843733","0.5668216943740845","","","0.5680051445960999","0.4290388226509094","","","","2.544166994094849","",""
"autumn-sweep-25","finished","2025-07-17T15:22:37.000Z","6031","","2","0.0002","64","0.5","0.1852102393828501","40","[256,256,1]","0.000014638651099610324","0.897973202481839","multitask","40","0.669938223702567","0.458259325044405","0.495963121158454","0.5703993439674377","","","0.5703900787565443","0.43128782510757446","","","","2.64180056254069","",""
"good-sweep-24","finished","2025-07-17T13:42:34.000Z","5996","","2","0.0002","64","0.5","0.17363087616540868","40","[256,256,1]","0.00002049810565723476","0.804952801210608","multitask","40","0.6713255374204545","0.458259325044405","0.492043442025211","0.5803941488265991","","","0.5803711944156222","0.4428308606147766","","","","2.510130246480306","",""
"valiant-sweep-23","finished","2025-07-17T12:02:21.000Z","6010","","2","0.0002","64","0.5","0.23441516575828697","40","[256,256,1]","0.000013216032055954674","0.8177455231776121","multitask","40","0.6780198883442652","0.4547069271758437","0.4817038233149286","0.5864317417144775","","","0.5863006578551399","0.4502505362033844","","","","2.6750931474897595","",""
"cool-sweep-22","finished","2025-07-17T10:22:42.000Z","5973","","2","0.0002","128","0.5","0.15738067727251026","40","[256,256,1]","0.0000295088608184551","0.8187830015697738","multitask","40","0.5604473877520788","0.49023090586145646","0.5156396499635378","0.5684720277786255","","","0.5697429180145264","0.4293376505374909","","","","2.6074972629547117","",""
"expert-sweep-21","finished","2025-07-17T08:42:43.000Z","5996","","0.5","0.0002","128","0.5","0.15389682160820609","40","[256,256,1]","0.00002208694807863211","0.8915725352458455","multitask","40","0.5537478867031279","0.4849023090586146","0.5202429940618815","0.5538780093193054","","","0.5538111329078674","0.41278791427612305","","","","2.56591534614563","",""
"jumping-sweep-20","finished","2025-07-17T07:03:12.000Z","5964","","1","0.0002","128","0.5","0.15041142197239296","40","[256,256,1]","0.000014984541730859076","0.8160074616979418","multitask","40","0.5599379028592791","0.4866785079928952","0.5233097197624752","0.578218936920166","","","0.5773469090461731","0.4413703382015228","","","","2.581102657318115","",""
"apricot-sweep-19","finished","2025-07-17T05:23:09.000Z","5998","","2","0.0002","64","0.5","0.15231403722652412","40","[256,256,1]","0.000012895052157822757","0.9314258026094454","multitask","40","0.6706729446138654","0.4653641207815275","0.4917960204187936","0.5787320733070374","","","0.5785675711101956","0.440652459859848","","","","2.83343497912089","",""
"toasty-sweep-18","finished","2025-07-17T03:43:36.000Z","5968","","2","0.0002","128","0.5","0.1586399033384721","40","[256,256,1]","0.000012122152836165565","0.9543906042589966","multitask","40","0.5640642018545241","0.4849023090586146","0.5371913741014689","0.5750606656074524","","","0.5759295344352722","0.4381829202175141","","","","2.6032158851623537","",""
"fluent-sweep-17","finished","2025-07-17T02:06:33.000Z","5820","","1","0.0002","128","1","0.2403131934138165","40","[256,256,1]","0.000016192880003208348","0.8071917126847552","multitask","40","0.5559818758851006","0.47957371225577267","0.5166163141993958","0.5670577883720398","","","0.5678956031799316","0.42799112200737","","","","2.6370709896087647","",""
"silvery-sweep-16","finished","2025-07-16T22:52:49.000Z","11619","","2","0.0002","128","0.5","0.2185519339730443","40","[256,256,1]","0.000030582648110747564","0.8155634837018876","multitask","40","0.5565515188943773","0.5097690941385435","0.5289483279508282","0.558361291885376","","","0.5595141172409057","0.4182886779308319","","","","2.601136016845703","",""
"prime-sweep-15","finished","2025-07-16T19:49:13.000Z","6450","","2","0.0002","64","0.5","0.24251179464728123","40","[256,256,1]","0.000022642529192829156","0.8780305562654025","multitask","40","0.6792624805654798","0.4724689165186501","0.5066673611834566","0.5710892677307129","","","0.5710643861028883","0.4310983419418335","","","","2.614312834209866","",""
"jumping-sweep-14","finished","2025-07-16T18:11:32.000Z","5858","","2","0.0002","32","0.5","0.19693756351850591","40","[256,256,1]","0.00002291749337504806","0.8319189259778859","multitask","40","0.5868581612426115","0.47957371225577267","0.4793858735284926","0.5567519664764404","","","0.5573660516076617","0.4194788634777069","","","","2.422636184427473","",""
"bumbling-sweep-13","finished","2025-07-16T16:31:41.000Z","5988","","2","0.0002","128","0.5","0.18997679285352567","40","[256,256,1]","0.00001549718215830156","0.851598662437757","multitask","40","0.5569298551196143","0.5008880994671403","0.5223721220960517","0.5700400471687317","","","0.5704282641410827","0.4309675991535187","","","","2.5731263637542723","",""
"quiet-sweep-12","finished","2025-07-16T14:52:28.000Z","5951","","2","0.0002","64","0.5","0.2249219480298535","40","[256,256,1]","0.000018368547406223717","0.8225701275295627","multitask","40","0.6673868213381086","0.47602131438721135","0.4858839462444005","0.5877883434295654","","","0.5875371562110053","0.4513242542743683","","","","2.731637954711914","",""
"snowy-sweep-11","finished","2025-07-16T13:12:41.000Z","5984","","2","0.0002","128","0.5","0.1742681533608143","40","[256,256,1]","0.000020413824276282384","0.8392274516475633","multitask","40","0.5525908668835958","0.47424511545293074","0.5262332013751432","0.5758023262023926","","","0.5763794302940368","0.4397878646850586","","","","2.6149946212768556","",""
"young-sweep-10","finished","2025-07-16T11:32:45.000Z","5992","","1","0.0002","128","2","0.24610870737097268","40","[256,256,1]","0.000016246807305374142","0.9074431481558214","multitask","40","0.556822847752344","0.5186500888099467","0.5311881445983957","0.5682781934738159","","","0.5682539343833923","0.4297083616256714","","","","2.538068342208862","",""
"good-sweep-9","finished","2025-07-16T09:54:54.000Z","5865","","2","0.0002","32","2","0.24509690771916057","40","[256,256,1]","0.000022032827888560426","0.8406922629475503","multitask","40","0.5586518717099385","0.4653641207815275","0.48506354828627984","0.5649273991584778","","","0.5658910721540451","0.4283804595470429","","","","2.440022230148315","",""
"floral-sweep-8","finished","2025-07-16T08:14:53.000Z","5997","","2","0.0002","64","2","0.24888964229597876","40","[256,256,1]","0.000029122620103715077","0.8145831569471791","multitask","40","0.6522736421653202","0.47602131438721135","0.5026565267215335","0.5858975052833557","","","0.5859636863072714","0.45029059052467346","","","","2.733582099278768","",""
"swift-sweep-7","finished","2025-07-16T06:35:00.000Z","5988","","2","0.0002","128","0.5","0.24090532286045205","40","[256,256,1]","0.000020375893256420404","0.9336955581650244","multitask","40","0.5665705856822786","0.5008880994671403","0.5332977393478487","0.563500702381134","","","0.5637413620948791","0.42503830790519714","","","","2.5947615623474123","",""
"restful-sweep-6","finished","2025-07-16T04:54:33.000Z","6024","","2","0.0002","128","1","0.248055544745431","40","[256,256,1]","0.00002535127336197567","0.8281278660642007","multitask","40","0.5656716312680926","0.4991119005328597","0.5226455880820918","0.5671041011810303","","","0.5669667482376098","0.4275416135787964","","","","2.5176507472991942","",""
"rare-sweep-5","finished","2025-07-16T03:11:24.000Z","6184","","2","0.0002","128","2","0.234546268765386","40","[256,256,1]","0.000027708079748421347","0.9590713148340436","multitask","40","0.5631764502752394","0.4689165186500888","0.5210047921658506","0.55538010597229","","","0.5549329996109009","0.41630974411964417","","","","2.6925517559051513","",""
"charmed-sweep-4","finished","2025-07-16T01:26:16.000Z","6303","","2","0.0002","64","1","0.23760220190696976","40","[256,256,1]","0.00001269900796712574","0.927606000889371","multitask","40","0.6737803901944842","0.4404973357015986","0.4733045108865507","0.5681761503219604","","","0.5682104561063979","0.4279562532901764","","","","2.812200493282742","",""
"fine-sweep-3","finished","2025-07-15T23:45:57.000Z","6017","","0.5","0.0002","16","1","0.21567316407482384","40","[256,256,1]","0.0001250353318015199","0.9576388361659088","multitask","40","0.4727813242059765","0.4635879218472469","0.4686165225544327","0.51357102394104","","","0.5054976468284925","0.3809030652046203","","","","2.1923767725626626","",""
"honest-sweep-2","finished","2025-07-15T22:04:46.000Z","6068","","2","0.0002","32","0.5","0.22714332247310523","40","[256,256,1]","0.00014078574805044563","1.077069918618927","multitask","40","0.5893329396305313","0.477797513321492","0.492225752682571","0.5068487524986267","","","0.5070653988255395","0.3676218092441559","","","","2.2796426680352955","",""
"young-sweep-1","failed","2025-07-15T20:27:32.000Z","5832","","0.5","0.0002","32","1","0.1925816409492131","40","[256,256,1]","0.0000960690072751316","0.9152495273039722","multitask","40","0.5866352158138551","0.4724689165186501","0.4793337847692468","0.5490984916687012","","","0.5499810891018974","0.4104243516921997","","","","2.35147633155187","",""
"clean-sweep-12","finished","2025-07-15T12:25:48.000Z","13570","","2","0.0002","16","2","0.17802918196492798","40","[256,256,1]","0.00009219765239055344","1.1359393258799395","multitask","39","","0.7064056939501779","0.6833963651644079","0.6545091867446899","","","0.6783971074554656","0.5569120645523071","","","0.5162477294603983","0.9041181984874938","0.5614035087473068","0.8053892215327727"
"sage-sweep-11","finished","2025-07-15T08:44:44.000Z","13256","","1","0.0002","16","0.5","0.19064006253068785","40","[256,256,1]","0.00012356786171350894","0.8453934875670721","multitask","39","","0.7295373665480427","0.6972896312637882","0.6605408191680908","","","0.6835083795918359","0.5633943676948547","","","0.5220397180981107","0.912253611617618","0.5263157894506002","0.8682634730278963"
"spring-sweep-10","finished","2025-07-15T04:56:25.000Z","13693","","1","0.0002","16","0.5","0.22428332338052573","40","[256,256,1]","0.00007126677352572538","1.1101391598347778","multitask","39","","0.7046263345195729","0.671459712154638","0.6565397381782532","","","0.6818905472755432","0.5588124394416809","","","0.5201123447881805","0.9102718234062196","0.49561403506598184","0.8473053891961885"
"distinctive-sweep-9","finished","2025-07-15T01:05:43.000Z","13836","","2","0.0002","16","0.5","0.17847530873702347","40","[256,256,1]","0.00010115712706304434","1.1139213320273518","multitask","39","","0.7064056939501779","0.6632130475890324","0.6627535223960876","","","0.6800913198126687","0.5654011964797974","","","0.518232432504495","0.8910955637693405","0.4342105262967451","0.8922155688355624"
"rare-sweep-8","finished","2025-07-14T21:27:01.000Z","13119","","2","0.0002","16","1","0.2084496389865959","40","[256,256,1]","0.00010114379614199887","1.0921972844320944","multitask","39","","0.7099644128113879","0.6599432713520329","0.664989173412323","","","0.6695364200406604","0.5664570331573486","","","0.5064563105503718","0.9133618639575112","0.3947368420879501","0.9251497005711032"
"worthy-sweep-7","finished","2025-07-14T17:57:49.000Z","12549","","2","0.0002","16","0.5","0.20222947907501723","40","[256,256,1]","0.00007934628630506551","0.9426534753963174","multitask","39","","0.7064056939501779","0.6806124592919424","0.6623452305793762","","","0.6824396517541673","0.5648134350776672","","","0.5208028439018462","0.8795871204800076","0.5438596490989535","0.8173652694366058"
"rare-sweep-6","finished","2025-07-14T14:38:24.000Z","11959","","2","0.0002","32","1","0.18694484836029557","40","[256,256,1]","0.00009427040729775056","1.0238462080890125","multitask","39","","0.699288256227758","0.6774083412123122","0.6624712944030762","","","0.6827409995926751","0.5646831393241882","","","0.518988667262925","0.9046814209885068","0.5614035087473068","0.7934131736289397"
"dauntless-sweep-5","finished","2025-07-14T11:24:22.000Z","11639","","2","0.0002","32","1","0.209320873783613","40","[256,256,1]","0.00006264294863572054","1.0947180676073658","multitask","39","","0.7135231316725978","0.6866004832440382","0.6613237261772156","","","0.6858999762270186","0.5629920959472656","","","0.5225968046320809","0.8921202255619897","0.5438596490989535","0.8293413173404388"
"upbeat-sweep-4","finished","2025-07-14T08:10:38.000Z","11621","","1","0.0002","32","0.5","0.2029635946391821","40","[256,256,1]","0.00008013303274225415","0.9310534581584406","multitask","39","","0.701067615658363","0.669857653114823","0.6612008213996887","","","0.6844295528199937","0.5624810457229614","","","0.5208885106775496","0.9062689940134684","0.5043859648901585","0.8353293412923554"
"morning-sweep-3","finished","2025-07-14T04:36:04.000Z","12871","","1","0.0002","128","1","0.18879107337844148","40","[256,256,1]","0.000025074750018489573","0.9559635456046124","multitask","39","","0.7473309608540926","0.7233953146338902","0.6121616959571838","","","0.6728636264801026","0.5146008133888245","","","0.507105928659439","0.9268935441970824","0.5964912280440136","0.8502994011721468"
"misunderstood-sweep-2","finished","2025-07-14T01:28:11.000Z","11265","","2","0.0002","32","1","0.2078021241825971","40","[256,256,1]","0.00005734790789768109","1.0448108175340505","multitask","39","","0.702846975088968","0.6553472003361698","0.6620455384254456","","","0.683772110276752","0.5637717247009277","","","0.5202075789372126","0.9306562940279642","0.4035087719121268","0.9071856287153536"
"colorful-sweep-1","finished","2025-07-13T21:40:03.000Z","13684","","0.5","0.0002","128","2","0.23949336410174385","40","[256,256,1]","0.00012968415135588169","0.8947030762530578","multitask","39","","0.701067615658363","0.6886490177539657","0.6109059453010559","","","0.6696939826011657","0.5129002332687378","","","0.5034852862358093","0.9572294354438782","0.6228070175165435","0.7544910179414823"